cell_id,iso3,region,category,published,rater,rater_repeat,batch,n_urls,n_opened,n_failed,reason,reason_repeat,published_summary
LBR.access,LBR,Africa,access,28,20,,batch_05,4,1,3,"No-enforceable-right band (15-35): a general Data Protection Act was only signed in August 2026, and no health-record access right or patient portal could be verified (the law and EMR PDFs would not open). Low in the band.",,"No law in force that we opened gives every patient a right to see or copy their medical record. The new Data Protection Act was signed in August 2026, but its access rules are not verified, so this stays in the 15 to 35 band."
NER.access,NER,Africa,access,35,20,,batch_06,3,1,2,"The access right in Loi 2022-59 could not be verified (PDF unreachable), and the data protection authority HAPDP was abolished by decree on 8 June 2026 with its duties moved to ministries. No portal found: band 15-35, lower part.",,"Article 69 of Law 2022-59 gives a right to see your data on site or get a copy, but the copy can be charged at reproduction cost and no deadline is set. There is no national patient portal."
COM.access,COM,Africa,access,35,30,,batch_01,3,3,0,"Both legal PDFs unreadable, so a right of access under the 2014 data protection law is not verified (no-enforceable-right band 15-35). Only a digital vaccination card and citizen portal, still in testing as of June 2026, lifts it slightly within the band.",,"Article 219 of the 2011 Public Health Code gives patients the right to the information in their file. The 2014 data law adds a copy, but for a fee, through a doctor for medical data, with no deadline and no portal, so 35."
DZA.access,DZA,Africa,access,40,22,,batch_02,4,1,3,"No verified patient access right (both gazette PDFs unreadable, app page truncated), so band 15-35. A unified national electronic file reachable from any facility was announced for rollout from summer 2026, but it is clinician-facing and not yet delivered, so the score stays in the lower part of the band.",,"Law 18-07 gives a right to a copy of one's data, requested provider by provider, and the controller may ask the regulator for longer reply times. The ministry's citizen app to view the record and test results is announced, not live."
BDI.access,BDI,Africa,access,40,22,,batch_12,4,1,3,"Only the title of Law n°1/03 of 10 March 2026 could be verified. The law PDF is a scanned image and the X post and health policy could not be read, so an access right and a portal are not verified. That gives the 15-35 band, lower half under the evidence rule.",,"Since March 2026, Law 1/03 gives a free copy of your data within one month, but medical information goes only through a doctor you name. No national patient portal was found, and the data regulator does not exist yet, so the score sits at 40."
UGA.access,UGA,Africa,access,45,28,28,batch_02,4,1,3,"Statutory access right not verified (Act and Regulations PDFs unreadable), so band 15-35 under the evidence rule. Hospital record systems reach 92% of targeted hospitals, but patient self-service portals are only planned, so the score sits mid-band.","Statutory access right not verified (Act and Regulations PDFs unreadable), so it cannot lift the cell to the statutory-right band. MoH says EMR is in 92% of targeted hospitals but patient self-service portals are only planned. Lower part of the 15-35 band.","The 2019 Act lets a patient confirm what a provider holds, get a description and learn who received it, within 30 days and with no listed fee. The right to a full copy rests on a 2009 Ministry charter, and there is no national portal."
TCD.access,TCD,Africa,access,40,22,,batch_08,3,2,1,"No enforceable right verified (law PDF unreadable), so 15-35 band, lower half by the evidence rule; one hospital gives on-site viewing or a paper copy on written request; the national electronic record (Apr 2026) has no patient access.",,"Articles 38, 39 and 41 of Law 007/PR/2015 give a right to see and copy your health data, directly or through a health professional. A copy can be charged at reproduction cost, a reply is due within one month, and there is no national portal."
LSO.access,LSO,Africa,access,35,30,,batch_06,3,2,1,"A Data Protection Act exists, but its access provisions are unreadable and the Data Protection Commission was still not set up as of April 2026, so the right is not enforceable. EMRs cover HIV/TB only, with no patient portal: band 15-35, upper part.",,"Section 26 of the Data Protection Act gives a right to get your data, but at a prescribed fee and within a prescribed time, and the regulator meant to enforce it was never set up. There is no patient portal."
GTM.access,GTM,Americas,access,40,,,batch_13,4,0,4,"No readable content from any source. All three PDFs returned only compressed binary, and the Play Store page (fetched by curl) showed only page code with no app details, so there is no evidence to score.",,
VEN.access,VEN,Americas,access,35,,,,4,0,0,,,
BHS.access,BHS,Americas,access,45,50,,batch_07,4,2,2,"Statutory right with no national portal: base 45. The right to a copy within 40 days covers records, labs and clinical notes. The fee is not stated, so neither +5 nor -5 applies. Add +5 for the officially documented NHI portal (labs, vitals, medications). How many people use it is not verified.",,"The 2003 Data Protection Act gives a right to a copy within 40 days, but the Minister may set a fee and no national portal with the full record was verified. NHI's patient portal for its own providers offsets the fee."
PRY.access,PRY,Americas,access,33,50,,batch_04,4,3,1,"Statutory-right formula: base 45, +5 because Ley 7593/25 Art. 28 gives free access with a 30-day deadline, -5 because the law takes effect only 24 months after publication, +5 for the official IPS 'MI IPS' portal showing consultations and dispensed medicines. The electronic clinical record bill was rejected and archived in May 2026.",,"No law in force was found that gives patients a copy of their full clinical record; the constitution's habeas data covers official and public-character registers only. Ley 7593 adds a free access and copy right, but not until November 2027."
BOL.access,BOL,Americas,access,40,25,,batch_12,4,1,3,"The university blog says the record legally belongs to the patient but no specific rule lets patients get copies, and there is no national electronic record or portal. That is the no-enforceable-right band (15-35), mid-low because the Norma Técnica, Ley 3131 and the Constitution could not be read.",,"A 2008 Health Ministry norm says patients may not be refused access to their record and may get a certified paper or digital copy, but it sets no deadline and asks patients not in hospital for a notarised request. No national patient portal exists."
PRK.access,PRK,Asia,access,15,15,,batch_03,2,2,0,"No enforceable access right verified: the pages only list the Medical Law (1997, amended 2000) and the Public Health Law (1980, amended 2012) with file links, no article granting record access; no portal; bottom of the 15-35 band.",,"No law we read gives a patient the right to see or copy their medical record. The Medical Law says a diagnosis is told to the patient, but a diagnosis judged harmful to treatment may be told only to the guardian."
BRN.access,BRN,Asia,access,35,35,,batch_15_rerun,4,3,1,"Legal access right not verified (PDPO 2025 unreadable), so the no-enforceable-right band (15 to 35) applies. BruHealth shows labs, imaging and prescriptions from BruHIMS (over 95% coverage, 63% weekly logins in 2022), which lifts the cell to the top of the band. JPMC answers requests in up to 6 weeks, with fees for later copies.",,"Brunei's 2025 data protection order gives a right of access only against private providers, not the Ministry of Health, which holds most records. BruHealth shows lab and imaging results (63% of residents logged in weekly in 2022), so this sits at the band's top."
TLS.access,TLS,Asia,access,30,20,,batch_03,4,1,3,No enforceable access statute verified: the personal data protection law with access rights is only a 2026 draft (Esbosu); constitutional and decree-law texts unreadable (not verified); no portal; lower half of the 15-35 band.,,"Article 38 of the Constitution gives citizens a right of access to personal data in computer and manual records, but the law meant to set its conditions does not exist. We found no right to a copy of a medical record and no patient portal."
LAO.access,LAO,Asia,access,25,,,batch_08,3,0,3,"All three sources are PDFs returned as unreadable binary; no evidence read, so no score.",,
SMR.access,SMR,Europe,access,70,67,,batch_08,4,2,2,"National electronic record (SM Salute app) shows reports, labs and prescriptions, and over 90% of citizens have active accounts (Dec 2025), so 60-75 band; export and long history not verified, so no lift to 76-90; statutory copy right (Law 171/2018) unreadable, so held at top of lower half.",,"Law 171/2018 gives a free right of access within one month, and the health secretariat says over 90% of citizens have an electronic health record (FSE). It shows reports, discharge letters, prescriptions and vaccinations, but full clinical notes and export were not verified."
BLR.access,BLR,Europe,access,50,55,,batch_02,4,4,0,"Statutory administrative procedure 7.9 gives free extracts or copies within 5 days (base 45 +5). The national medportal.gov.by (pilot since 25 Jun 2026) shows visits, labs and vaccinations and is documented officially (+5). It is a pilot, may be incomplete, and has no usage figure, so it is not credited at 60-75.",,"The Health Care Law lets patients read their records and get free extracts within 5 days, but not a copy of the whole record. A national patient portal opened in test mode in June 2026, and just over 2.2 million electronic cards existed in April."
XKX.access,XKX,Europe,access,45,45,,batch_13,4,3,1,"Statutory right with no verified national portal (base 45). Data protection law 06/L-082 gives a free first copy within one month (+5), but patient rights law 2004/38 Art. 19 (amended by 08/L-051) provides copies at personal expense (-5). The World Bank PDF was unreadable, so no portal is verified.",,"Two laws give a right to a copy: the 2019 data law makes the first copy free within one month, but the patient rights law puts copies at the patient's cost. With no national portal, the free copy (+5) and the charge (-5) cancel at 45."
YEM.access,YEM,Middle East,access,25,18,,batch_12,3,2,1,"The Medical and Pharmaceutical Professions Law has confidentiality and record-keeping duties (Arts. 11, 23) but no patient right to see or copy records. The 2012 Access to Information Law covers public bodies and lets them withhold personal data, and no portal was found. Low end of the 15-35 band.",,"Law No. 13 of 2012 lets a person see only the personal data they gave a public body, so it is not a right to the whole chart. With paper records in most facilities and no portal, Yemen sits between Sudan (22) and Iraq (30)."
IRQ.access,IRQ,Middle East,access,30,30,,batch_06,3,2,1,"Right to view and copy the medical file verified only in Kurdistan Region Law No. 4 of 2020 (some people), so band 15-35; lifted toward the top because the Health Insurance Fund's Dumani system shows full history for 2.4M insured in Baghdad, one region only.",,"Kurdistan's Law No. 4 of 2020 gives patients a free copy of their medical file, but we found no matching federal right for the rest of Iraq. The insurer's Damani platform holds an electronic file, but the patient features described are booking, covered services and remaining visits."
FSM.access,FSM,Oceania,access,20,20,,batch_16,4,2,2,No enforceable record-access right verified (15-35 band): the Declaration of Rights has no records right and no access provision was found in Code Title 41; the bill and digital strategy PDFs were unreadable; no portal verified.,,"Micronesia has no data protection law and no statutory right to see or copy a health record was found. The 2025 data protection bill is still pending, covers only national departments, and contains no access right."
KIR.access,KIR,Oceania,access,30,18,,batch_02,4,2,2,"No enforceable right: Data Protection Act 2025 passed 18 Aug 2025 but has no commencement notice, and its access section was not verified. No patient portal found, so the score sits low in band 15-35.",,"The Data Protection Act 2025 gives a right to a free electronic copy of personal data, but no commencement notice was found, so it is not verified as in force. There is no patient portal."
LBR.control,LBR,Africa,control,25,22,,batch_16,4,2,2,"Shared by default with no choice or access log (20-35 band), at the low end: HRW says Liberia has no binding data protection law, and the Dec 2025 US MOU gives US audit access to data from up to 5% of facilities without patient notice or consent.",,"Disclosing an HIV test result needs the person's prior written consent, but no general consent rule for health records was verified. A December 2025 US aid deal commits Liberia to give US officials 'any data access' for audits, with no explicit privacy safeguards."
TCD.control,TCD,Africa,control,28,,,batch_04,1,0,1,The only source is a scanned PDF that returned unreadable binary content. Not scored.,"The only source was a PDF with unreadable, garbled text. No evidence could be read, so no score.",
NER.control,NER,Africa,control,32,,,batch_05,1,0,1,"The only source refused the connection with WebFetch and timed out with curl, so no evidence was opened.",,
DJI.control,DJI,Africa,control,30,,,batch_08,1,0,1,"Only source is a compressed PDF that neither WebFetch nor curl could render as text; no evidence read, so no score.",,
BDI.control,BDI,Africa,control,28,,,batch_09_rerun,3,0,3,"No source could be read (law PDF timed out twice, the other two PDFs returned unreadable compressed content), so no score.",,
BEN.control,BEN,Africa,control,30,28,,batch_07,2,1,1,"The only readable page confirms that Code 2017-20 sets up a general privacy framework. Consent rules, an opt-out and a patient-visible access log are all not verified, so the score sits in the 20-35 band, lower half.",,"Health data may be processed without consent when needed for care under a health professional, and there is no shared record, opt-out or access log. The patient's main tool is a general right to object for legitimate reasons."
SLV.control,SLV,Americas,control,45,30,,batch_10_rerun,3,1,2,"20-35 band: the only verified fact is that DoctorSV (launched Nov 2025) gets bundled consent through its terms at registration to use anonymised data for research. No opt-out or patient-visible access log was verified, because neither the decree nor the clinical record standard could be read.",,"Health data may be used for care without consent, and each person's digital record is open to all public providers, with no opt-out. Every access must be logged and the data law lets patients learn who consulted their data, but practice was not verified."
BLZ.control,BLZ,Americas,control,25,28,,batch_09_rerun,4,2,2,"Central BHIS shares records with providers by default, with no opt-out or patient-visible log (only an internal audit trail) and NHI confidentiality 'unless mandated by law', so 20-35 band; slight lift for the internal audit trail, DPA consent rules not verified.",,"Every patient gets one client number in BHIS, which public clinicians use to see their history wherever they are treated. No opt-out and no patient-visible access log were found, and the 2021 consent rules are not in force."
VEN.control,VEN,Americas,control,22,22,,batch_01,4,4,0,"Centralized state digital clinical history launched Nov 2025 and linked to Sistema Patria, with no consent, opt-out or access log described (ethics code PDF unreadable). Default-sharing band 20-35, low end because of the link to the state benefits system.",,"The national digital clinical record launched in November 2025 is centralised and tied to the Sistema Patria, and no opt-out, consent switch or access log for patients was found. With no data protection law, the state decides who sees the data."
NIC.control,NIC,Americas,control,25,,,,3,0,0,,,
MDV.control,MDV,Asia,control,30,,,batch_04,2,0,2,Neither source could be read. The mvlaw page is built by JavaScript and returned no law text; the gazette PDF returned unreadable binary content. Not scored.,,
KGZ.control,KGZ,Asia,control,35,30,,batch_07,3,1,2,"20-35 band. A digital health profile is created automatically for anyone seen in state care in the past three years. There is no described opt-out and no access log, only a way to correct errors. Family doctors can see the record. The patient views it through Tunduk with a digital signature. The law texts would not render.",,"The Health Law ties consent for electronic records to consent to treatment, and clinics must send data to the state system. We found no opt-out and no access log patients can see, though only the family doctor can open the digital card."
AND.control,AND,Europe,control,55,55,,batch_05,2,2,0,"Law 20/2017 lets the patient deny direct access to the shared record (Art. 39) and get the access log on request within 15 working days, with immediate notice of unjustified access (Art. 32, 34.8). There are no granular choices, and a 2019 news report says there was no real opt-out in practice, so top of the 40-55 band rather than 60+.",,"The law lets a patient block clinicians' direct access to the shared record and get a log of every access within 15 working days. The log comes only on request, and in 2019 patients asking to leave were told no real alternative existed."
GRL.control,GRL,Europe,control,44,45,,batch_01,2,2,0,"2001 patient rights regulation lets the patient refuse disclosure to other clinicians (§24) and withdraw consent, and non-treatment sharing needs written consent, but no patient-visible access log was found (births PDF unreadable), so opt-out-only band 40-55, mid-band.",,"The 2001 ordinance lets a patient refuse at any time that their data be passed to other health staff during a treatment course. How to use that right in the national record, and any patient-visible access log, were not verified."
IRQ.control,IRQ,Middle East,control,25,25,,batch_01,4,1,3,"Health Insurance Fund's Damani EMR (2.4M beneficiaries in Baghdad, Feb 2026) lets doctors see the full history from the insurance number, with no consent, opt-out or access log mentioned. Default sharing band 20-35, lower part. Three sources blocked by the rate limit.",,"In the state insurer's digital system, records are shared by default: a doctor who enters a Damani insurance number sees the patient's full medical history. We found no opt-out, consent choices or patient-visible access log."
WSM.control,WSM,Oceania,control,25,25,,batch_10_rerun,3,1,2,"Lower half of 20-35: the Tamanu system centralises an integrated record at TTM Hospital and was live in 4 rural facilities by Nov 2023. No consent, opt-out or access log was verified, and both policy PDFs could not be read.",,"The Ministry's eHealth policy proposes that the Ministry be the authority granting access to health data, and a patient consent law it called for in 2017 was never found. Records are shared inside one central system with no opt-out or patient-visible access log."
BDI.privacy,BDI,Africa,privacy,45,,,,3,0,0,,,
UGA.privacy,UGA,Africa,privacy,48,42,,batch_07,4,3,1,"Weak band. The 2019 law exists and the Health Ministry ordered hospitals to appoint data protection officers and register with the regulator (Apr 2026). But the regulator (PDPO) can only issue declaratory orders, with no fines (Google case, Jul 2025). Uganda has no EU adequacy decision. The act text was unreadable, so special-category status is not verified.",,"Health status and medical records are special data under the 2019 Act, selling personal data is a crime, and breaches must be reported to the regulator immediately. In April 2026 the Ministry ordered all hospitals to appoint data protection officers, a sign compliance lagged."
NAM.privacy,NAM,Africa,privacy,28,30,,batch_02,4,2,2,"No data protection law in force (Data Protection Bill still being finalized on 14 Jul 2026; Electronic Transactions Act, Communications Act and Penal Code fill the gap), so Weak band. The government pushed back on the US health data deal citing the constitutional right to privacy, which lifts the score slightly.",,"Namibia has no data protection law, regulator or breach notice rule in force; the Data Protection Bill was still being finalised in July 2026. Health data relies on the Constitution's privacy article and narrow rules such as a N$50,000 fine for disclosing STI status."
SWZ.privacy,SWZ,Africa,privacy,55,50,,batch_09_rerun,4,3,1,"Health-data guidelines only at validation stage (Jul-Aug 2026), so scored on the general-law band 45-66; DPA 2022 with 72h breach reporting and 3 non-health enforcement notices, regulator housed in ESCCOM; Act text (special category, penalties) not verified, so lower half.",,"Health is sensitive data under the 2022 Act, with criminal fines up to E100 million or 5% of turnover. The regulator has decided one health-sector complaint and is drafting health data guidelines, but it has published only three enforcement notices."
AGO.privacy,AGO,Africa,privacy,52,52,,batch_03,4,3,1,"General-law band (45-66), since there is no health enforcement evidence: under Lei 22/11 the regulator (APD) has fined 15 firms about USD 2.5M since 2022 (banks, telecoms, utilities), none in health; only a health awareness programme (SensiDados); no EU adequacy; law text unreadable.",,"No health-sector enforcement was found, so this is scored on the general law: health is sensitive data and the regulator has fined 15 firms about USD 2.5 million since 2022. The 2011 text has no breach notification duty."
CPV.privacy,CPV,Africa,privacy,50,50,,batch_03,2,1,1,"No health-sector evidence, so scored in the general-law band (45-66); law text unreadable (not verified), so placed in the lower half; the regulator (CNPD) exists and publishes activity reports 2015-2023, but no enforcement detail was visible.",,"Health data is a special category, breaches go to the regulator within 72 hours and the CNPD is elected by a two-thirds vote in parliament. With no health-sector cases found, this scores the general law, held back by low fines and no published report since 2016."
BRB.privacy,BRB,Americas,privacy,44,42,,batch_06,4,3,1,"Data Protection Act 2019-29 exists, but the Commission sits inside a ministry and has no public enforcement record. The Dec 2022 QEH hospital cyber incident had no published regulatory action. Law text unreadable, so health special-category status and penalties are not verified: Weak band, upper part.",,"The 2019 Act has 72-hour breach notice and penalties up to $500,000 or three years in prison. But health data lacks sensitive status, the Commissioner is a public officer inside a ministry, and no enforcement decision was published after the 2022 hospital cyberattack."
BHS.privacy,BHS,Americas,privacy,45,48,,batch_14,4,2,2,"No health-sector evidence, so scored in the general-law band (45-66). The 2003 Act still applies because the Data Protection Act 2025 is listed as not yet in force. Only 20-25 breaches were reported to the Commissioner in 2026, and the Commissioner says real breaches are underreported. No EU adequacy decision, and the law text was not verified, so lower half.",,"No health-sector enforcement was found, so this is scored on the general law, at the bottom of the band. The 2003 Act in force has no breach notice duty and fines up to $100,000; the 2025 replacement Parliament passed was still not in force in August 2026."
KNA.privacy,KNA,Americas,privacy,32,38,40,batch_15_rerun,4,3,1,"No health-sector evidence; the general law is the Data Protection Act 2018, which starts only by ministerial order, and it was not verified in force. There is no data protection regulator, only an FOI Commissioner (2024) and the Electronic Crimes Act 2009. Scored below the usual 45 to 66 general-law band because the law is on paper only.","No health-sector evidence: the NDHIS privacy page showed no policy text. The Data Protection Act 2018 starts on a date set by ministerial order, and its commencement, regulator, penalties and breach notification are not verified. Only the Electronic Crimes Act 2009 is confirmed in force. This puts it below the general-law band of 45-66.","Health data would be sensitive under the 2018 Act, with fines up to EC$200,000 or two years in prison, but the Act is not in force. Its future regulator, the Information Commissioner, sits under the FOI Act, fully in force since November 2023, but has no data protection powers yet."
LAO.privacy,LAO,Asia,privacy,35,45,,batch_16,4,2,2,"No health-sector evidence (scanned Lao laws unreadable), so general-law band 45-66 at its floor: the 2017 Electronic Data Protection Law treats medical histories as sensitive, but there is no general breach notification, the regulator is a ministry, penalties are small (LAK 3-10m), no enforcement record, no EU adequacy.",,"The health care law makes practitioners keep patient information confidential, and the 2017 data law fines breaches 15 million kip. The regulator is a ministry, breach notification is not mandatory, and we found no health-sector enforcement."
MYS.privacy,MYS,Asia,privacy,48,50,,batch_12,4,1,3,"Only health-sector evidence is a June 2026 MOH website hack in which no patient data leaked, since the portal holds no medical records. PDPA 2010 and the 2024 amendments could not be read, so the general-law band applies (45-66), lower half because the law text is not verified.",,"Health data is sensitive personal data under the PDPA, and 2024 amendments added breach notification and fines up to RM1 million. But the law does not cover federal or state government, which runs most hospitals, and no health-sector enforcement case was found."
PRK.privacy,PRK,Asia,privacy,15,8,,batch_15_rerun,4,2,2,"Poor band: only a 1997 Medical Law (amended 2000) is listed, and no confidentiality text could be read. No data protection law, regulator or EU adequacy decision was found. Kept low because the evidence is thin.",,"We found no data protection law, no regulator and no medical secrecy duty in the health laws we read. A UN report in 2025 found general surveillance 'more pervasive, aided by advances in technology'."
ARM.privacy,ARM,Europe,privacy,50,58,,batch_07,4,4,0,"Mixed band. The 2015 law makes health data a special category and requires breach notice to the police and the data protection agency. Cross-border transfers need adequacy or agency authorisation. ARMED keeps data in Armenia and logs every action. Against that: fines are only 50,000 to 500,000 AMD, the agency sits under the Interior Ministry, national security is exempt, and no health enforcement was found.",,"Health data is a special category that needs consent under the 2015 data law, and leaks must be announced and reported to police and the regulator. Fines of 50,000 to 500,000 dram are low, and no health-sector enforcement was found."
BIH.privacy,BIH,Europe,privacy,52,52,,batch_05,3,1,2,"No health-sector enforcement evidence could be read, so scored on the general law (45-66 band). The new GDPR-style law (Official Gazette 12/2025) makes health data a special category and requires breach notice within 72 hours, but has state security and police exceptions. Agency enforcement and fines were not verified, so lower half.",,"The 2025 law is GDPR-based, with 72-hour breach notice and fines up to KM 40 million or 4% of turnover, and the agency has acted on health data. But public bodies cannot be fined, only their officials, and the EU says agency independence needs strengthening."
JOR.privacy,JOR,Middle East,privacy,45,50,,batch_14,3,2,1,"No health-sector evidence, so scored in the general-law band (45-66). PDP Law No. 24 of 2023 exists, and in Nov 2025 a regulation set up how the PDP Unit handles complaints and investigations. No enforcement record and no EU adequacy decision. The law text was not verified, so lower half.",,"Health data is sensitive under the 2023 law, serious breaches must reach patients within 24 hours, and fines reach 3% of revenue. The regulator is a unit inside the digital economy ministry, its council includes two security agency members, and no health enforcement was found."
WSM.privacy,WSM,Oceania,privacy,25,,,batch_06,3,0,3,"All three PDFs downloaded but were unreadable (compressed/encrypted streams, no decodable text), so no evidence could be read; not scored per rule 3.",,
ZWE.commercial,ZWE,Africa,commercial,45,48,,batch_15_rerun,3,2,1,"Mixed band: the Cyber and Data Protection Act needs written consent for health data, and 2024 regulations license data controllers and require breach notice. There are no direct-marketing rules and no penalty amounts were verified. The state turned down a US health deal over sensitive-data concerns (BBC page metadata only).",,"The Act gives a free right to object to direct marketing and needs written consent for health data, but has no rules on health apps, data brokers or sale of de-identified data. The government rejected a US aid deal partly over commercial use of samples."
CAF.commercial,CAF,Africa,commercial,42,34,,batch_05,2,1,1,"Weak band: per a law-firm summary, Law 24-001 (January 2024) makes health data a sensitive category, requires prior consent for direct marketing and allows fines up to 5% of yearly revenue. But the data protection authority is not yet set up, data sales are not addressed, and the law text could not be read.",,"Direct marketing by phone, SMS, email or social media needs the person's prior consent under Article 15 of Law 24.001. No rules were found on selling de-identified health data or on health apps, and no enforcement exists."
COM.commercial,COM,Africa,commercial,40,,,batch_12,3,0,3,All three PDFs returned unreadable encoded content. Not scored.,,
TGO.commercial,TGO,Africa,commercial,45,,,batch_14,2,0,2,"Both source PDFs were compressed binary that could not be read. No evidence could be read, so no score.","The Journal Officiel fetch was blocked twice by the WebFetch safety-check rate limit, and the IPDCP report opened but had no extractable text, so no usable evidence.",
MAR.commercial,MAR,Africa,commercial,42,40,,batch_16,3,2,1,Weak band: CNDP investigated (Apr 2024) a pharmacy-software firm accused of selling patient prescription data to labs and sending it abroad without authorisation; Law 52.26 (Aug 2026) penalises unauthorised sharing but says nothing on commercial use; Law 09-08 text unreadable.,,Law 09-08 gives a free right to refuse marketing use of personal data and bans automated direct marketing without consent. In 2024 the CNDP opened an inquiry into pharmacy software allegedly passing prescription data to drug makers; the outcome was not verified.
MDG.commercial,MDG,Africa,commercial,42,,,batch_12,1,0,1,The only source (Law 2014-038 PDF) returned unreadable encoded content. Not scored.,,
TTO.commercial,TTO,Americas,commercial,28,27,,batch_08,3,2,1,Weak band: Data Protection Act Ch. 22:04 only partly in force as of Apr 2026; Court of Appeal (Mar 2026) found no privacy claim between individuals; only common-law breach of confidence remains; no verified limits on selling or marketing health data (both pages read via curl metadata only).,,"The Act's rules for private businesses, including limits on using personal data beyond its purpose, are not in force. In March 2026 the Court of Appeal ruled there is no privacy claim between private parties, leaving breach of confidence as the main remedy."
GUY.commercial,GUY,Americas,commercial,25,22,,batch_08,2,2,0,"Data Protection Act 18 of 2023 passed but never commenced as of Apr 2026, so its protections cannot be enforced; about 70,000 people gave personal and banking data with no working framework; Act's contents not verified (parliament page shows metadata only), so Poor band, near its top.",,"No law in force limits the sale or marketing use of health data. The 2023 Act would make health records sensitive data, give a right to stop direct marketing and punish selling unlawfully obtained data, but it has not started."
VCT.commercial,VCT,Americas,commercial,20,18,,batch_14,2,1,1,"Privacy Act 2003 covers only public authorities and has no rules on selling data, marketing or data brokers. The only offence is obstructing the Commissioner. That leaves no meaningful protection from commercial use by private firms, so the score sits in the Poor band.",,"No law limits the sale of health data, its use in marketing, or data brokers. The only privacy statute is not in force and would cover public bodies, not private firms."
TKM.commercial,TKM,Asia,commercial,40,45,,batch_14,1,1,0,"The law requires prior consent for marketing (Art. 26) and written consent for transfers to third parties (Art. 10), and bars health-data processing except in listed cases (Art. 21). But oversight sits with the Prosecutor General, there is no independent regulator, and no enforcement record was verified, so the bottom of the Mixed band.",,"The 2017 data law allows personal data to be used to market goods and services only with the person's prior consent, and health data needs written consent. No ban on selling health data and no enforcement case were found."
KAZ.commercial,KAZ,Asia,commercial,40,40,,batch_10_rerun,3,3,0,"Weak band: the Personal Data Law requires consent for transfers to third parties and limits use to the stated purpose, and the Health Code has medical secrecy (Art. 273). But a de-identified medical data market opened in July 2026 through registered platforms (ADX, MedEx, Kompra) for analytics and AI training, with no consent rules stated.",,"The Health Code allows transfer of personal medical data to third parties only with consent. In July 2026, though, registered data exchanges including MedEx began trading de-identified medical data products, and no specific limit on selling de-identified health data was found."
TLS.commercial,TLS,Asia,commercial,22,18,,batch_04,3,1,2,"Poor band: no data protection law in force. Constitution Art. 38 leaves the regime to ordinary law. The draft (consultation 1-30 Aug 2026) treats health data as sensitive with fines up to $150,000, but it is not enacted, and no limits on sale or marketing of health data are in force.",,"No law limits selling health data or using it for marketing, and no regulator could act on it. The 2026 draft law would make unlawful sale or disclosure of personal data a very serious offence when intentional or when health data is involved."
MNE.commercial,MNE,Europe,commercial,40,,,batch_09_rerun,2,0,2,"Both law PDFs returned only compressed, unreadable content, so no score.",,
IRN.commercial,IRN,Middle East,commercial,30,28,,batch_15_rerun,2,2,0,"Weak band: the Electronic Commerce Law (Arts 58-59, 71) needs explicit consent for health data messages and carries 1 to 3 years in prison. But it is narrow and poorly enforced; a hack of about 20 insurers put their data up for sale on Telegram (BBC page metadata only).",,"The e-commerce law requires explicit consent before health data is processed electronically and limits use to stated purposes, with prison for breaches. No rules on health data brokers, advertising or sale of de-identified data were found."
JOR.commercial,JOR,Middle East,commercial,40,40,,batch_06,2,1,1,"A personal data protection law exists (cited in the June 2026 digital health strategy consultation), but its text was unreadable, so health-data sensitivity, marketing limits and sale rules are not verified. Scored low, at the Weak/Mixed boundary.",,"Data may not be passed to another controller for marketing unless the person consents, and sensitive data needs explicit consent. No rules on health data brokers, consumer health apps or sales of de-identified data were found."
VUT.commercial,VUT,Oceania,commercial,35,,,batch_09_rerun,1,0,1,"The only source, the Act PDF, returned no readable text on two attempts, so no score.",,
DJI.journey,DJI,Africa,journey,30,18,,batch_10_rerun,4,2,2,"Poor band: the only electronic patient record found is an mSupply family-planning tool in 23 public facilities (May 2025) feeding the national health information system. WHO says full digitalisation is still a challenge, and no link to labs, pharmacy, claims or a hospital record was verified.",,"Facilities report to DHIS2 and a pharmacy stock system runs in 32 of the 60 public facilities in a World Bank project, but there is no national electronic record. The main hospital had no patient record system in October 2025 and was still defining one."
UGA.journey,UGA,Africa,journey,35,33,,batch_06,3,3,0,"EMRs cover 92% of targeted hospitals (all regional referral hospitals, 47 general hospitals) with lab and pharmacy modules inside each facility. But there is no HIE, no universal patient ID and almost no primary care (5 HC IVs, 2 HC IIIs): Weak band, middle.",,"The Ministry reports EMRs in 92 percent of targeted hospitals, but the targets are referral and general hospitals plus only seven lower-level health centres. Records stay inside each hospital, with no universal health ID or cross-provider exchange."
BWA.journey,BWA,Africa,journey,28,30,,batch_08,3,3,0,"Weak band: hospital system in all public hospitals, but per the collaborative's own page systems are vertical and do not share data readily; electronic records only piloted in 2 districts and the national data exchange still being built (Nov 2025); 223 clinics online; drug-stock integration targets 20% of facilities.",,"Several electronic systems run in public facilities, but the government told Parliament in November 2025 they are not interfaced to share data. An electronic medical record was being piloted in two districts, with a health information exchange planned."
STP.journey,STP,Africa,journey,22,25,,batch_07,4,2,2,"Bottom of the weak band. A national DHIS2 reporting system has run since Dec 2019, with a tracker for individual-level data since Oct 2020. Clinical records, prescriptions and lab requests were still on paper in 2022, with an electronic record only just starting. No links to hospitals, pharmacy or insurance were documented.",,"DHIS2 collects aggregate and some individual programme data, and mSupply tracks medicine stocks, but WHO describes fragmented systems and weak data. A medical record program was starting in 2022; whether it is in use now was not verified."
COG.journey,COG,Africa,journey,22,15,,batch_15_rerun,4,3,1,"Poor band: no national EHR or exchange shown. The only digital links are a pharmacy logistics system (e-LMIS, 54 of 92 pilot sites, July 2026) and early CAMU insurance enrolment (27,000 insured since April 2025). The WHO review names no record systems.",,"Most facilities still record care on paper and send compiled reports to districts for entry into DHIS2. The health plan counted 2 of 10 public general hospitals as digitalised, and the CAMU insurance scheme had about 27,000 members in May 2026."
VEN.journey,VEN,Americas,journey,25,20,,batch_09_rerun,4,4,0,"Historia Clinica Unica Digital launched Nov 2025 with no coverage or usage figures; Aug 2026 the President said only one hospital (Cardiologico Infantil) is fully digital, and private clinics are mostly on paper with labs and pharmacy coordinated by phone or WhatsApp, so Poor band.",,"The government activated a national digital clinical record platform in November 2025, but no coverage figures were published (not verified). In August 2026 the acting president ordered the digital record model rolled out to all public hospitals, so most are not yet linked."
SLV.journey,SLV,Americas,journey,52,52,,batch_15_rerun,4,2,2,"Mixed band: the public SIS links hospitals and primary units (labs, X-ray, appointments), but it was still rolling out in 2022. The telemedicine FHIR repository links 78 labs, 49 imaging sites and 322 pharmacies. The MINSAL to ISSS record link was not verified.",,"The Ministry's Integrated Health System (SIS) links public hospitals and clinics in one digital record, and since 2025 sits inside the social security record. Current coverage was not verified from a ministry source, and private providers connect only through DoctorSV orders."
BHS.journey,BHS,Americas,journey,35,30,,batch_04,4,1,3,"Weak band: BahamasEMR+ (OpenEMR-based) was piloted at Adelaide and Gambier clinics and spread to other public health clinics. No verified link to hospitals, labs, pharmacy or NHI claims. Other sources unreadable (binary PDF; 403 on WebFetch, body not extractable with curl/head).",,"The government's own 2026 to 2030 strategy says records, portals and telehealth exist but are fragmented, public clinics often use paper, and there are no interoperability standards. NHI providers share one EHR, and a public clinic EMR was still spreading from two pilot clinics in 2026."
KAZ.journey,KAZ,Asia,journey,50,55,,batch_14,4,4,0,"Health Code Arts. 57-62 set rules for digital health and for systems working together. eDensaulyq in eGov shows hospital stays, prescriptions, referrals, vaccines and clinical results. But the ministry says more than 30 health systems are poorly linked, only 12+ feed the single repository, and the unified health passport and insurance-fund digitisation are due by end 2026. That is Mixed, in the middle of the band.",,"Clinics must send data to the National Electronic Health Passport, and eDensaulyq links prescriptions, hospital stays and referrals. In February 2026 the President said over 30 health information systems were not fully integrated, and ordered one state system by 1 December 2026."
PRK.journey,PRK,Asia,journey,20,12,,batch_05,3,2,1,"Poor band: the WHO April 2026 webinar and the Korean article describe a single digital medical network, EHR and e-prescription only as plans for a future roadmap. No working links between care settings are shown, and rural power and connectivity gaps are noted.",,"The health ministry reported a telemedicine network linking Pyongyang with hospitals in 12 provinces and 215 county hospitals, but its own plan describes unintegrated health information systems. No shared patient record exists."
TKM.journey,TKM,Asia,journey,30,30,,batch_03,3,3,0,"Weak band: E-Saglyk system and e-medical cards for 1 million citizens, fibre to 165 medical organisations (academic paper), but no verified pharmacy, lab, insurance or research linkage; X-Road connects 10 ministries (Nov 2025) with no health-record detail.",,"The Health Ministry is tasked with an electronic health system, and a 2023 journal article reports the E-Saglyk system in 165 regional facilities with e-records for 1 million people. Current national coverage, e-prescriptions and lab links were not verified."
MCO.journey,MCO,Europe,journey,32,38,,batch_02,4,4,0,"No national shared record or cross-provider exchange verified: Ordonnance 8.337 governs medical files and hosting, not linkage. The MonacoSante portal covers appointments, telemedicine and messaging, and the EHDS does not apply to Monaco. The main hospital (CHPG) runs a 100% digital patient record, so the score sits at the upper Weak band.",,"Monaco has no national shared record, and links between providers rest on discharge letters and a government secure messaging service. National e-prescription and claims links were not verified, so the score sits in the weak band."
JOR.journey,JOR,Middle East,journey,45,54,58,batch_12,4,4,0,"Hakeem's unified EHR, keyed to national ID, covers about 482 MOH and Royal Medical Services facilities including 51 hospitals (Jul 2026), and a patient app shows labs and medications. The private sector is not yet connected, cross-provider data exchange is only planned, and the 2026-2030 strategy is still a draft. Mixed band, upper-middle.","Mixed band. Hakeem links 482 Ministry of Health and Royal Medical Services facilities (51 hospitals, Feb 2026 figure) through one record keyed to the national ID, and the Hakimni app shows labs, medicines and vaccines. But the private sector is not connected yet, the health data exchange is still 'soon', the 2026-2030 strategy is at consultation stage, and claims links are not verified.","The Hakeem electronic record runs in 482 Ministry of Health and Royal Medical Services sites, with all government hospitals and centres due by end 2026. The government's draft strategy says there is no unified national health record and weak interoperability."
OMN.journey,OMN,Middle East,journey,58,68,,batch_15_rerun,4,4,0,"Strong band, lower part: the Al Shifa NEHR has linked all MOH facilities by civil number since 2015, and Dhamani has handled 3.3M insurance claims since January 2025. Private-sector links through FHIR are still in progress, with a 90% target for 2026.",,"Al Shifa connects every Ministry of Health hospital and clinic through the civil number, and in 2025 the ministry reported work to link 65 percent of facilities to imaging or Shifa systems. Private and university hospitals are only starting to join."
NRU.journey,NRU,Oceania,journey,65,72,,batch_01,4,4,0,"A single national Tamanu EMR covers all 4 public facilities (hospital, public health centre, wellness and dental clinics, complete Feb 2024), with lab, radiology and public health reporting linked. Pharmacy, claims and research links not verified (Act unreadable), so strong band, not leading.",,"A 2025 study found an electronic record in all 4 of Nauru's health facilities (100%), all on one system, Tamanu. Pharmacy links, claims and research use were not verified, and the data date from 2024."
FJI.journey,FJI,Oceania,journey,30,38,,batch_03,4,3,1,"Weak band, upper part: EHR in 44 of 217 facilities (20.3%) with poor primary-care coverage, and PATIS Plus mostly limited to pathology results at 3 hospitals; lifted by a national digital immunisation registry at 220 sites (Mar 2026) and MEDITECH at Lautoka and Ba hospitals.",,"Records are split across PATISPlus, a new immunization registry, separate pharmacy and private-partner hospital systems. An October 2025 study found an electronic record in 44 of 217 Fiji facilities (20.3%)."
CIV.clinical,CIV,Africa,clinical,36,55,,batch_06,3,2,1,"The national patient record (DPI) connects 258 facilities in 13 regions (405 per the government page) with 7.3M patients, and clinicians see prior history at other connected hospitals. It is limited to public hospitals, with no verified consent or emergency rules: Mixed band.",,"In facilities on the shared record, a clinician can open a patient's earlier visits and treatments from another equipped site. That covers public facilities in the network only, and private providers are not yet linked."
TZA.clinical,TZA,Africa,clinical,40,,,batch_15_rerun,2,0,2,"Neither source could be read. The MoH PDF timed out in WebFetch and cannot be parsed with curl. The Guardian article returned HTTP 520, and curl gave only its title and description, so there is nothing to score clinician access on.",,
ZMB.clinical,ZMB,Africa,clinical,40,50,,batch_03,4,2,2,"Mixed band: SmartCare Pro reported in 1,600+ facilities, linked by national ID and biometrics so records follow patients (non-primary source); real-time cross-facility access is only claimed for SmartCare 2.0, piloted at Ndola in Apr 2026 while connectivity is still being rolled out.",,"In public facilities on SmartCare Pro, a clinician can open one national record with history, medicines and allergies. Private-sector coverage and offline sites are not verified, and the hospital edition is only a pilot."
STP.clinical,STP,Africa,clinical,17,15,,batch_10_rerun,2,1,1,"Poor band: clinical records were still on paper in October 2022, when an electronic medical record program was only starting. No sharing of records across providers was verified, and the Lei 9/2018 text could not be read.",,"The 2018 Health Base Law calls for confidential flow of clinical information between levels of care, but records are mostly paper and no shared record was found. A clinician in another facility depends on paper notes or the patient."
SLE.clinical,SLE,Africa,clinical,17,15,,batch_13,3,2,1,"Poor band. The only EMR is a pilot at Connaught Hospital. The OpenMRS rollout to 300 facilities was still at procurement in Dec 2025 (bids closed Jan 2026), so clinicians cannot see records across providers at scale. The law PDF was unreadable.",,"A clinician usually sees only the paper file at their own facility. EMR pilots exist, such as Connaught Hospital from 2023, and a 300-facility rollout was at tender stage in December 2025, with no published go-live figures."
MOZ.clinical,MOZ,Africa,clinical,25,28,,batch_16,3,2,1,"Weak: point-of-care records are mostly HIV-program systems (SESP in 670+ facilities, linked to iDMED at 370+ pharmacies and the DISA lab system); general EMR (SIS-RME) only piloted at Mavalane, and plans cover 863 of ~1,900 facilities over 5 years; cross-provider clinician access not verified.",,"A clinician in an HIV clinic using SESP can see that programme's history and linked lab results, but no shared record spans providers. The Patient Charter expects patients to carry diagnostic documents between services."
HND.clinical,HND,Americas,clinical,20,22,,batch_01,3,3,0,"EHRs are confined to single sites (Hospital Escuela, 5M records). The unified record is still a PAHO-backed pilot, and in Oct 2025 the minister said the law still requires paper records, so clinicians cannot see records across providers. Poor band.",,"A clinician generally sees only the file held by their own facility, often on paper. The shared record that would link hospitals and health centres in all 298 municipalities is still awaiting a law."
BOL.clinical,BOL,Americas,clinical,22,,,,3,0,0,,,
GRD.clinical,GRD,Americas,clinical,20,28,,batch_03,3,2,1,"Weak band: lab information system (2012), hospital network (2013) and General Hospital record digitisation (2015), but retrieving historical records is still manual and no cross-facility clinician access is shown; Project Polaris is a hospital build, not a record system.",,"No shared record lets a clinician see a patient's history across Grenada's hospitals and health centres. PAHO notes that retrieving older records is manual and slow, and pharmacists log dispensing on paper forms."
KGZ.clinical,KGZ,Asia,clinical,40,30,,batch_04,3,1,2,"Weak band: per 24.kg (Oct 2025) the digital patient card (visits, hospitalisations, labs since 2018-19) is visible only to the family doctor, not other providers, and private clinics and labs are not yet included. Minjust pages showed only titles (unified medical information system regulation; 2024 health law), so their content was not verified.",,"The digital patient card is visible only to the patient's family doctor, according to the Health Ministry, and system access is set by each user's role. Specialists and private doctors cannot see a full history across providers."
AZE.clinical,AZE,Asia,clinical,50,58,,batch_02,4,4,0,"The FHIR-based Medical Digital Twin (TRƏS, Jun 2026) lets doctors see records from state and private institutions; Baku Health Center added 3.5M records on 23 Jul 2026. National provider coverage and consent or emergency rules are not verified, so Mixed band, upper part.",,"TRƏS is meant to make data from state and private facilities available to treating doctors, but only some facilities had joined by July 2026. Access is limited to staff a facility head authorises, and secrets may be shared without consent when the patient cannot speak."
GEO.clinical,GEO,Europe,clinical,52,70,,batch_12,3,2,1,"Minister's Order 01-1/n (2019) made the national EHR mandatory for inpatient and outpatient facilities by 1 Jan 2020. Doctors see all visible episodes, patients control visibility, and emergency access is logged. Controlled-drug e-prescriptions are central (2022 order). That is the Strong band, mid, because real-world usage figures are not verified.",,"An authorised doctor who enters a patient's ID number and birth date can see every episode the patient has not hidden, from any facility. The state auditor says family and rural doctors have no access and 24% of active doctors are not connected."
AND.clinical,AND,Europe,clinical,64,,,batch_13,3,0,3,"None of the sources could be opened. The fetch safety check was rate-limited for all three domains, on the first try and on the single retry, so there is no evidence to score.",,
IRN.clinical,IRN,Middle East,clinical,30,30,,batch_14,3,2,1,"E-prescriptions have run nationwide since Dec 2021. The electronic health file, required since the Fourth Plan, is still unbuilt and only piloted in some rural areas. Clinicians cannot see a full record across providers, so Weak band, lower-middle.",,"The law tells the health ministry to give treating doctors the data held in the national health database. Whether clinicians can actually pull a patient's history from other providers at the bedside was not verified, and the full national record is not finished."
TON.clinical,TON,Oceania,clinical,60,,,batch_12,3,0,3,"No source readable: SPC PDF 403 via WebFetch and compressed via curl, FAQ and Act 2025 PDFs returned only encoded streams. Not scored.",,
TUV.clinical,TUV,Oceania,clinical,25,15,,batch_07,3,1,2,"Poor band. Records are facility-based and mostly on paper. Only Princess Margaret Hospital has an electronic system, on a closed network that outer-island clinics cannot use. Doctors on other islands consult by phone or video but cannot see the record. The new clinic platform is not verified.",,"Outside the hospital and the maternal clinic, clinicians work from paper and share information ad hoc over satellite links. The World Bank's baseline says the hospital system does not fully work across hospital departments, and its review is still pending."
MLI.research,MLI,Africa,research,49,43,,batch_08,4,2,2,"No verified consent or opt-out for secondary use, so base 40; +3 for one safeguard class: an ethics body set up by Decree 02-200/P-RM (2002), which approved then revoked a study (Jul-Aug 2026); no other safeguards verified.",,"The patient charter lets patients refuse or withdraw from clinical research, the CNESS ethics committee reviews studies, and unlawful processing of health data for research carries fines. We found no general opt-out or public register of data uses, so 49."
TCD.research,TCD,Africa,research,49,43,,batch_13,2,1,1,"The data protection law PDF was unreadable, so no consent or opt-out rule for secondary use is verified (base 40). The national bioethics committee (CNBT) has SOPs for ethics review (+3), though reviews are slow and underfunded.",,"Health data can be used for scientific research without consent under conditions set by ANSICE, which must authorise health research processing in advance. Safeguards are the ANSICE permit, the national bioethics committee, professional secrecy and criminal penalties."
DJI.research,DJI,Africa,research,50,,,batch_16,2,0,2,"Code numerique PDF downloaded but text could not be extracted (compressed binary); NATLEX returned HTTP 502 on WebFetch and curl, so no evidence could be read.",,
TUN.research,TUN,Africa,research,49,43,46,batch_16,2,1,1,"No opt-out from secondary use verified (Law 63-2004 PDF unreadable): base 40 + ethics body (Decree 90-1401 as amended 2014; 2015 orders creating personal-protection committees (CPPs) and a model informed-consent form); no secure environment, penalty or public register verified.","Base 40 for secondary use with no verified consent or opt-out (the Law 63-2004 text could not be read). +3 for trial ethics committees (CPPs, arrêté of 13 Jan 2015) and +3 for a partial consent route (mandatory trial consent form, 2015 and 2018 arrêtés, Decree 90-1401).","Health data may be used for research without consent under the 2004 law, with no general opt-out. Safeguards include ethics committees for trials, secrecy and de-identification duties, and prison terms for publishing research data without consent."
TZA.research,TZA,Africa,research,46,43,,batch_13,2,1,1,"No opt-out or consent rule for secondary use is verified (base 40). The national ethics committee NatHREC (since 2002) and NIMR research clearance, with data transfer agreements and TMDA trial certificates, count as one safeguard class (+3). The PDPA 2022 PDF was unreadable.",,"Health research needs institutional ethics approval, with national clearance for foreign collaborators. The 2022 Act lets health data be used for research without consent only under Commission guidelines, which we did not find, and there is no opt-out."
LSO.research,LSO,Africa,research,49,43,,batch_09_rerun,3,3,0,"No verified general opt-out or consent route for secondary use, so base 40; +3 for the MoH National Health Research Ethics Committee (23 members, reviews protocols); DPA 2011 research provisions unreadable, so no more safeguards credited.",,"The Data Protection Act exempts research use from most data rules, with no consent and no opt-out, but a national ethics committee reviews studies. Confidentiality duties and criminal penalties put it at the top of the no-opt-out band."
DOM.research,DOM,Americas,research,49,48,,batch_16,3,3,0,"No research opt-out verified: base 40 + ethics body (CONABIOS, 787 protocols approved) + misuse penalty and consent route (Penal Code Law 74-25, in force 3 Aug 2026, punishes research without express revocable consent); Law 172-13 research rules only vaguely confirmed, so 48 not 49.",,"Ley 172-13 waives consent for epidemiological use of dissociated health data, and no general opt-out was found. Three safeguards (CONABIOS ethics review, express consent for biomedical research under the new Penal Code, criminal penalties for misuse) put it near the 50 cap."
TTO.research,TTO,Americas,research,43,45,,batch_13,3,1,2,"No general opt-out is verified (base 40). A regional ethics committee reviews studies (+3) and has consent forms for retrospective studies plus a consent waiver route (+3). That gives 46, kept at 45 (lower half of the band) because the statute and the record-review guideline PDFs were unreadable.",,"RHA ethics committees review research, and the North Central RHA lets investigators abstract record data without consent only if no identifiers are kept. The Act's research rules are not in force, and there is no opt-out or register of uses."
CUB.research,CUB,Americas,research,49,,,batch_01,2,2,0,"Both Gaceta Oficial PDFs opened but had no extractable text, so nothing on research consent could be read. No score without evidence.",,
KHM.research,KHM,Asia,research,45,,,,2,0,0,,,
BRN.research,BRN,Asia,research,46,43,,batch_10_rerun,4,1,3,"Base 40 with no verified consent or opt-out rule for secondary use, +3 for the MHREC ethics body (BREU set up January 2023, no retrospective approvals). The PDP Order and the BruHealth privacy clause could not be read.",,"Records research needs ethics approval, but de-identified data is used without consent or opt-out, and BruHealth shares it with research investigators. Two safeguard classes count, the ministry ethics committee and a re-identification offence, giving 46."
BGD.research,BGD,Asia,research,46,,,,3,0,0,,,
AND.research,AND,Europe,research,50,72,,batch_10_rerun,1,1,0,"Opt-in band: Law 20/2017 requires express written, revocable consent to use identifiable record data and samples for research (Arts. 48, 50, 51), mandatory Research Ethics Committee approval (Art. 48.6) and sanctions (Arts. 54-61). Kept near the bottom because no public transparency register was verified.",,"Identifiable record data cannot be used for research without express written consent, and an ethics committee must approve research on people. Use with identities removed needs no consent and has no opt-out."
BIH.research,BIH,Europe,research,49,50,,batch_08,4,3,1,"No-consent/no-general-opt-out band (40-50): 2025 state data law allows research use under special law (Art 11(2)(j), 56) and its research objection right yields to public-interest tasks; safeguards: RS ethics committees and written trial consent, statutory secrecy (RS Art 47), misuse fines (3,000-30,000 KM), partial objection route; base 40 + 4x3 = 52, capped at 50.",,"The 2025 data law allows research use of health data under a special law with safeguards, with no general opt-out. Three safeguard classes count (statutory secrecy, fines up to KM 40 million, a Federation consent route), so the score is 40 plus 9."
JOR.research,JOR,Middle East,research,43,40,,batch_05,3,1,2,"The PDP law and GCP guideline PDFs would not open. The digital health strategy consultation says nothing on research consent, opt-out or safeguards. Scored at the base (40) of the no-consent/no-opt-out band with no safeguard credited.",,"The 2023 data law allows processing for scientific research without consent or notice, if no decision is taken about a specific person. Drug trials fall under a 2011 law with ethics committees and a JFDA Clinical Studies Committee, and inspectors check informed consent."
PNG.research,PNG,Oceania,research,43,45,,batch_07,4,2,2,"Base 40. Studies need approval from both the IMR review board and the national research committee (MRAC), with written consent in Pidgin and English, and board decisions are documented and published. That gives +3 for an ethics body and +2 for transparency. No opt-out or secondary-use rules were verified, because the data SOP and HIV Act were unreadable.",,"The national Medical Research Advisory Committee gives final ethics approval for health research, and the HIV Act makes approval mandatory for HIV research. There is no general consent or opt-out rule for secondary use of health records."
TCD.ai,TCD,Africa,ai,22,22,,batch_06,4,4,0,"Non-EU with no clinical AI or AI device regulation: band 15-30. DGPML covers medicines and labs only, not devices or software. Moved to mid-band for an AI directorate (decree 2690, Oct 2025), ANSICE reform (2026) mentioning AI, and a 2026-2031 AI strategy still being prepared.",,"We found no rules for AI in clinical care or AI as a medical device. Chad created an AI directorate in October 2025 and widened the data regulator's remit to AI in 2026, but those AI rules are not verified."
SDN.ai,SDN,Africa,ai,25,,,,3,0,0,,,
GNQ.ai,GNQ,Africa,ai,18,18,,batch_09_rerun,3,2,1,"Only a 2003 medicines law, with no device or AI/ML rules, and a Ministry AI chatbot pilot (June 2025) with no stated oversight or rules, so non-EU 'nothing' band 15-30, near the bottom.",,"We found no rules for AI in clinical care. The 2003 medicines law defines medical products as physical materials such as gauze and syringes, with no mention of software, while the ministry runs a pilot AI health chatbot."
CIV.ai,CIV,Africa,ai,25,28,,batch_04,3,2,1,"Non-EU, no verified AI device regulation or clinical-AI guidance. There is only a national AI strategy naming health as a priority, a planned AI policy declaration (Sep 2026) and a DISD circular centralising digital health projects. Top of the 15-30 'nothing' band.",,"Côte d'Ivoire is building a national AI strategy with health as a priority sector, but we found no clinical AI rules. Device rules exist and count software as a medical device, with no AI-specific change control or oversight."
ETH.ai,ETH,Africa,ai,56,35,,batch_01,2,2,0,"An EFDA software-as-medical-device guideline (GDL-094, 2026) exists, but its text was unreadable, so AI/ML coverage, binding force and change control are not verified. A June 2026 news story shows AI diagnostics being deployed with no governance mentioned. Bottom of the guidance-only band.",,"The Ethiopian Food and Drug Authority's AI medical device guideline took effect in June 2026, with change control and rollback rules for learning models. Same regime as Rwanda, but scored in the lower half because most of the text says should, not shall."
SYC.ai,SYC,Africa,ai,20,,,,4,0,0,,,
BHS.ai,BHS,Americas,ai,25,25,,batch_16,3,2,1,"Non-EU, nothing in force (15-30 band): June 2026 release only sets up a committee to draft a first AI law; PAHO notes AI use in health systems but no AI device rules; health strategy unreadable; upper part of band for the drafting step.",,"No rules for AI in care, and no medical device regulation covering AI software, were found. In June 2026 the government said a national AI committee would draft the country's first AI law and a permanent AI authority."
VEN.ai,VEN,Americas,ai,35,30,,batch_10_rerun,4,2,2,"Non-EU, top of the nothing band: the AI law has not been enacted and the February 2026 ethics code is non-binding with no sanctions and nothing on health. Device rules for AI were not verified. An AI MRI went into a public hospital (March 2025) with only a statement that doctors make the final diagnosis.",,"The only national AI rule is a non-binding ethics code from the science ministry (February 2026) that names health as a critical use and keeps humans accountable. The AI bill still awaits a second debate, and device rules do not cover software."
DMA.ai,DMA,Americas,ai,20,18,,batch_05,3,2,1,"Non-EU 'nothing' band (15-30): one source says Dominica has no AI law and no AI oversight body, the other only covers Copilot training. No device rules for AI/ML found, so lower part of the band.",,"No law, guidance or regulator covers clinical AI, and Dominica has no medicines or device regulator. Ministry staff were trained in 2026 to use AI tools such as Copilot for data work, with no published rules."
VCT.ai,VCT,Americas,ai,20,20,,batch_09_rerun,3,2,1,"No AI law, strategy or regulator, and no verified device regulation of AI/ML (Cullen Sept 2026: no AI-specific framework in the 13 countries surveyed), so non-EU 'nothing' band 15-30; only regional soft law, so low in the band.",,"No AI law, strategy, regulator or medical device rule for clinical AI was found. A September 2026 benchmark found no AI-specific framework in any of 13 Caribbean countries, this one included."
UZB.ai,UZB,Asia,ai,45,44,,batch_02,3,3,0,"Non-EU, no AI/ML medical-device regulation or change control verified, so band 35-50. Law ZRU-1115 (21 Jan 2026) bars legally significant decisions from relying only on AI. Binding ethics rules (Order 284-mh, registered 14 Mar 2026) require human final decisions in diagnosis and treatment, plus transparency. This lifts the score within the band.",,"Binding ethics rules in force since 17 June 2026 bar relying only on AI for diagnosis, treatment choice or medical image analysis. We found no AI-specific medical device rules with change control, so this sits in the guidance band."
KHM.ai,KHM,Asia,ai,18,25,25,batch_03,3,2,1,"Non-EU, nothing binding: the National AI Strategy 2025-2030 is still a draft (consultation June 2025; OECD lists it as proposed) and names health only as a priority sector; no AI device regulation or clinical guidance verified, so 15-30 band, upper part.","Non-EU 'nothing' band. No regulation of AI/ML medical devices is verified, and the National AI Strategy 2025-2030 was still 'proposed or under development' in June 2026. It sits at the top of the band because the strategy names health as a priority and plans a governance framework. The health plan PDF was unreadable.","No rules for clinical AI are in force; the National AI Strategy 2025-2030 was still listed as a draft in June 2026. The health plan aims to use AI in clinical practice, but no device rule for AI software was verified."
SMR.ai,SMR,Europe,ai,40,38,,batch_04,2,1,1,"Non-EU: Authority Sanitaria admits a regulatory gap ('carenza normativa') on medical devices and filled it with a vigilance circular that adopts the MDR/IVDR framework. No AI-specific rules and change control not verified, so lower half of the 35-50 guidance band.",,"San Marino is outside the EU and has no AI law. Its health authority admits a legal gap on medical devices and since March 2025 runs device vigilance by circular, modelled on the EU MDR and IVDR, which is guidance rather than law."
KWT.ai,KWT,Middle East,ai,42,47,,batch_02,3,2,1,"Non-EU, guidance-level band 35-50: an MOH administrative decision (Aug 2026) sets a guiding framework with ministry approval of AI tools, 3 risk tiers and mandatory specialist review of AI text. No AI/ML device regulation or change control verified (decision PDF unreadable). Law 70/2020 only enables AI pending ministerial rules.",,"An August 2026 ministry guide bans relying only on AI for diagnosis, treatment or dosing, and bans entering patient data into unapproved AI tools. It is guidance for ministry staff, and no AI medical device rules with change control were verified."
VUT.ai,VUT,Oceania,ai,22,,,batch_05,3,0,3,"All three PDFs downloaded but were compressed or image-based and could not be read, so no evidence was opened.",,
WSM.ai,WSM,Oceania,ai,18,,,batch_14,2,0,2,"Both source PDFs were unreadable, encoded content. No evidence could be read, so no score.",,
