cell_id,iso3,region,category,published,rater,rater_repeat,batch,n_urls,n_opened,n_failed,reason,reason_repeat
BRA.access,BRA,Americas,access,55,62,,7,3,2,1,"Statutory right plus partial national portal: LGPD Arts. 18-19 give free access within 15 days, electronically, and Meu SUS Digital shows vaccines, exams, prescriptions and visits, but only for SUS data; usage figures are not verified, so it sits in the lower half of the band.",
VNM.access,VNM,Asia,access,60,60,,6,3,3,0,"Law 15/2023 Art. 12 gives right to read, copy and get summary of full record; VNeID national health book offers per-visit PDF download but only ~30M records in 34 provinces (Mar 2026), not most residents, so at the floor of the portal band.",
PRT.access,PRT,Europe,access,70,40,,4,4,2,2,"Lei 12/2005 grants access to the whole clinical record and ERS says consultation is free, but no fixed deadline (-5) and copies may cost money; national portal not verified (PDFs unreadable), so no-portal formula: base 45 minus 5.",
ITA.access,ITA,Europe,access,62,70,,3,4,3,1,"FSE 2.0 portal holds labs, imaging, discharge letters, prescriptions and vaccinations, with all public and private providers required to upload from 31 March 2026 (portal band 60-75, upper half); not 76+ because only 45% nationally have authorised the FSE and 31% used it in the last 3 months, below majority use.",
SWE.access,SWE,Europe,access,74,74,,6,2,1,1,"1177 Journal covers all regions with notes, labs, diagnoses, referrals and medicines for ages 16+, but export, history depth and majority usage not verified (earn nothing), so top of the 60-75 national portal band.",
GRC.access,GRC,Europe,access,66,65,,1,4,3,1,"National portal and myHealth app (gone live May 26) show prescriptions, referrals, lab and imaging results, diagnoses, allergies, vaccines and hospital stays from public and private providers. That is band 60-75. Usage, export and history length not verified, so lower half.",
ARE.access,ARE,Middle East,access,54,32,,5,4,2,2,"PDPL Art. 2 excludes health data and no health-sector access right could be verified, so band 15-35; upper end because Abu Dhabi's Sahatna app shows Malaffi records, screenings and vaccines (60% of Abu Dhabi facilities connected), but it covers one emirate and part of the record",
AUS.access,AUS,Oceania,access,60,67,,4,2,2,0,"My Health Records Act 2012 sets up a national opt-out record, and the Share by Default Rules 2025 (12 Dec 2025) require pathology and diagnostic imaging to be shared (national portal, part of record: 60-75); full-record scope, usage and access terms not verified (only the table of contents was readable), so lower half of the band.",
NGA.control,NGA,Africa,control,28,25,,4,2,1,1,"Only the HRW/JURIST story opened: the US MOU commits Nigeria to unspecified 'regulated data access' with no patient consent described; no verified opt-out or access log, so band 20-35, kept low as nothing on individual control was verified.",
MEX.control,MEX,Americas,control,25,28,,1,3,2,1,"The 17 Apr 2026 Servicio Universal de Salud decree creates a CURP-linked credential and an interoperable record open to authorized staff across institutions, with no stated consent, opt-out or access log. That is band 20-35. LFPDPPP ARCO rights could not be read, so nothing lifts it.",
JPN.control,JPN,Asia,control,40,46,,6,3,2,1,"Opt-out exists only for secondary use under the Next Generation Medical Infrastructure Act (news source); no patient-visible access log or granular controls verified; APPI amendment enacted 10 Jul 2026 but details unreadable, so lower-middle of 40-55.",
LTU.control,LTU,Europe,control,62,60,,3,3,2,1,"Official portal shows patient-visible view history (name, time, basis) and a per-document visibility restriction plus a consents block, so bottom of the 60-80 band; held at floor because restriction does not apply to emergency and GP doctors, sharing is default, and news says patients cannot restrict access and logs cover only the central portal.",
ITA.control,ITA,Europe,control,66,70,,4,1,1,0,"Garante: consent is required to consult the FSE and is always revocable, patients can hide documents (including hiding the hiding) and can see who accessed their record (band 60-80); held mid-band because the FSE is created and fed without consent since the 7 Sept 2023 decree.",
SWE.control,SWE,Europe,control,72,75,,3,3,3,0,"Law 2022:913 requires consent for cross-provider access, plus a right to block that applies immediately and access logging; 1177 gives digital access to 18 months of log extracts and lets patients block and unblock records unit by unit (60-80 band, upper part); trimmed because a June 2026 proposal would remove the consent requirement in favour of opt-out.",
ESP.control,ESP,Europe,control,64,66,,7,1,1,0,"Upper band, low end: HCDSNS lets patients hide selected clinical reports and see an audited log of who opened their record (with a complaint route), but there is no verified general opt-out and an emergency override bypasses hidden items.",
ARE.control,ARE,Middle East,control,55,42,,1,3,2,1,"Only vendor blogs, Dubai NABIDH only: automatic enrolment with facility or global opt-out, audit trails, and patient notice on break-glass access. That suggests band 40-55, but there is no primary source, no verified patient-visible log and no national (Riayati) source, so it sits at the bottom.",
MEX.privacy,MEX,Americas,privacy,30,30,,3,3,3,0,"Mexico passed a new data protection law in March 2025 (LFPDPPP 2025), but it dissolved the independent INAI and moved its role into a government ministry; the 2026 IMSS/SAT breach exposed medical records of about 36 million people with no official technical report and no sanctions, so Weak.",
THA.privacy,THA,Asia,privacy,55,55,,7,4,4,0,"Mixed: PDPA Section 26 protects health data and PDPC enforcement is real (Bt1.2m hospital fine Aug 2025, about THB21.5m across five cases, 2,672 complaints), but fines are modest, hospital breaches and misuse recur (2021 hacks of 10,095 and 40,000 records) and a public-safety exemption applies.",
IDN.privacy,IDN,Asia,privacy,38,38,,7,4,3,1,"Weak: Law 27/2022 lists health as specific data, requires 72-hour breach notice and sets fines up to 2% of revenue, but the PDP agency is still not set up, GR 33/2026 only takes effect in Jan 2027, and the 2021 BPJS leak of about 279m people had no published ruling.",
FIN.privacy,FIN,Europe,privacy,70,78,,5,3,3,0,"Client Data Act 703/2023, data kept in Finland and not in the cloud, Traficom-approved certification, patient-visible access logs and independent Ombudsman oversight; held in Strong by the Vastaamo breach (36,000 psychotherapy patients, EUR 608k fine, CEO acquitted Dec 2025)",
FRA.privacy,FRA,Europe,privacy,58,66,62,7,4,4,0,"Strong (low end): CNIL fined Hopital Prive de la Loire EUR500,000 (Sep 2026) over a breach of 524,867 patients' data, and the Health Data Hub is leaving Azure for a SecNumCloud cloud, but the alleged Cegedim leak exposing 11-15m people (Feb 2026) holds it at the band floor.","Active health enforcement (CNIL EUR 500k fine, Sept 2026, for a hospital breach of 524,867 patients) and the Health Data Hub moving from Azure to SecNumCloud/Scaleway by end 2026, held down by the Feb 2026 Cegedim-linked leak of 11-15 million medical records"
NOR.privacy,NOR,Europe,privacy,64,74,72,1,3,3,0,"Strong band: GDPR Art. 9 plus helseregisterloven, health data barred from employers, insurers and prosecutors, and patient-visible access logs. Datatilsynet acted in the health sector (Dec 2025 warning of an order to Helseplattformen on access control, logging and incidents). Kept below Leading because that case shows real security gaps.","Datatilsynet acted on an EHR vendor's access-control and logging gaps (Dec 2025) and consent registers can be withdrawn via Helsenorge, but the Jan 2026 law widens clinician access (with finer logging), so strong, not leading."
ALB.privacy,ALB,Europe,privacy,55,52,52,1,3,1,2,"No health-sector evidence, so general-law band 45-66. News reports a new law with fines up to 2 billion lek or 4% of turnover, 72-hour breach notice and 900 complaints in 2025, but uneven rollout. Law text and regulator independence not verified, so lower half.","No health-sector evidence, so general-law band 45-66: new law has fines up to 2bn ALL or 4% turnover, 72h breach notice, complaints doubled to 900 in 2025, but enforcement gaps and incomplete DPO compliance."
HRV.privacy,HRV,Europe,privacy,52,60,,3,4,4,0,"GDPR implementing law with an independent AZOP that has fined hospitals (190,000 euro for lost radiology images, 20,000 euro to KBC Zagreb after its breach), but the July 2024 LockBit ransomware breach of KBC Zagreb went unnotified to patients, health fines are small, and the law shields public bodies from fines, so Mixed.",
NGA.commercial,NGA,Africa,commercial,40,35,,5,3,3,0,"NDPA 2023 treats health data as sensitive and requires consent for direct marketing (fines up to 2% of revenue), but there is no health-data sale or broker rule, the Digital Health Services Bill is still at first reading, and the USD 32.8M Meta fine was written off in Oct 2025, weakening enforcement",
CRI.commercial,CRI,Americas,commercial,52,,,7,2,0,2,"Not scored: the Ley 8968 PDF returned compressed binary with no readable article text, and the SINALEVI page loads its text with JavaScript, so curl returned only an empty frame.","Ley 8968 PDF returned only compressed streams with no readable text; SINALEVI page returned only a navigation shell with no law text via WebFetch or curl. No usable evidence, so null."
JPN.commercial,JPN,Asia,commercial,45,,,2,2,0,2,"Both PDFs returned unreadable binary content; no evidence, score withheld.",
LTU.commercial,LTU,Europe,commercial,54,55,,2,1,1,0,"Law XIV-789 on secondary use of health data (2021, in force 1 Jul 2022) has permits, consent and supervision chapters, but the page showed only the outline; limits on sale or marketing are not verified, so mid band.",
ITA.commercial,ITA,Europe,commercial,56,,,6,1,0,1,"Only source (Law 132/2025 PDF) returned compressed unreadable content; no evidence opened, so null.",
PRT.commercial,PRT,Europe,commercial,62,62,,3,2,2,0,"Law 12/2005 makes health information the person's property, bans commercial use of biological samples and insurer/employer use of genetic data; Law 75/2021 bars insurers and lenders from using past serious illness data after set periods; no verified rules on data sales, marketing, brokers or health apps, so upper Mixed.",
TUR.commercial,TUR,Europe,commercial,55,55,,7,3,2,1,"Mixed: KVKK decision 2023/787 fined a private hospital 250,000 TL for using patient health data in marketing and held that consent does not override the sector advertising ban; nothing verified on data brokers, apps or de-identified sales, and the 2019 health data regulation is silent on commercial use.",
AUT.commercial,AUT,Europe,commercial,68,60,,1,3,2,1,"EHDS bans secondary use for advertising, insurance and employment decisions, but only from March 2029. GDPR text did not open, and no Austrian rules on data brokers, health apps or data sales were verified, so it stays in the upper Mixed band.",
NGA.journey,NGA,Africa,journey,25,20,,3,3,3,0,"EMR rollout aims at BHCPF primary facilities by June 2026 and 720+ facilities, but no national HIE, interoperability, lab, pharmacy or digital claims linkage was found; NHIA covers 23 million people with no data linkage mentioned, so Poor.",
CRI.journey,CRI,Americas,journey,68,70,,1,4,3,1,"Strong band: CCSS EDUS is a single record with 99% digital consultations, extended in 2026 to all 12 IAFA centres and to prisons (3 of 21 planned). Notable gaps keep it mid-band: private providers are not connected, there are national outages, and the 2022 audit found inactive accounts still open.",
TWN.journey,TWN,Asia,journey,80,,,6,2,0,2,"Both Springer chapters redirected to a login/JavaScript client challenge (WebFetch and curl); no content opened, so null.",
PRT.journey,PRT,Europe,journey,68,42,,2,3,1,2,"Only Law 95/2019 was readable: Base 15 requires SNS system interoperability, but no infrastructure, coverage or usage evidence was verified, so it stays below the mixed band.",
DNK.journey,DNK,Europe,journey,85,86,,7,3,3,0,"Leading: 100% primary care EHR, MedCom e-prescriptions, referrals and lab or imaging exchange, a National Patient Register covering all hospitals for 40 years, sundhed.dk/MinSundhed (5m+ downloads), and a secure research platform; held just above the band floor because the bodies are only merging into Digital Health Denmark in 2027.",
HRV.journey,HRV,Europe,journey,68,68,68,4,4,3,1,"CEZIH connects all 2,300 GP offices, 1,100 pharmacists, labs, specialists, with e-prescription/e-referral linked to HZZO payment (Strong band), but eKarton covered only 25 hospitals (2022 update) and the private-provider deadline slipped to 1 Jan 2027, with the ministry unable to say how many are connected.","CEZIH (mandatory since 2007) links 2300 GP offices, 1100 pharmacies and 100 labs with e-prescription and e-referral, and hospital eKarton runs in 25 hospitals; private-provider connection slipped to 1 Jan 2027, so strong with gaps."
AUT.journey,AUT,Europe,journey,68,69,,5,4,4,0,"ELGA links discharge letters, labs, radiology (30M+ reports, 30-year retention), e-Medikation, e-Impfpass and EU e-prescription; gaps: GP and specialist reports not yet in, Wahlarzt obligation exempts under 300 patients with deadline to 2028, diagnosis coding only from July 2026, images in about half of hospitals",
ARE.journey,ARE,Middle East,journey,80,76,,7,4,2,2,"Strong: Malaffi connects all Abu Dhabi hospitals (3.5bn records, 12.7m profiles, 12 disease registries) and NABIDH is a licensing condition (1,888 facilities, labs and imaging); claims and pharmacy links and the national Riayati link (shown only on a vendor page) are not verified, and doctor adoption was 65% in 2023.",
RWA.clinical,RWA,Africa,clinical,50,47,,2,2,2,0,"E-Ubuzima reportedly digitizes records across all public facilities with consultation-to-discharge tracking, but private clinics and pharmacies are not yet linked and there are no coverage figures (news only), so lower mixed.",
USA.clinical,USA,Americas,clinical,55,65,,3,4,3,1,"TEFCA exchange grew from 10 million to over 1 billion records in under a year, information blocking enforcement started in 2026 (up to $1M per violation), and Surescripts reaches 2.32M clinicians; bottom of Strong because complete cross-provider record access at point of care was not verified (NCBI source blocked).",
TWN.clinical,TWN,Asia,clinical,85,,,3,1,0,1,"Only source blocked (WebFetch redirected to Springer login, curl returned a JavaScript challenge page); no evidence opened so no score.",
IND.clinical,IND,Asia,clinical,35,52,,1,2,1,1,"Mixed band: PIB (22 May 2026) reports over 100 crore records linked to ABHA and 450+ integrated solutions, with consent-based HIE-CM sharing to providers. Clinician access depends on patient-initiated linking and sharing, and emergency rules and real clinician use were not verified.",
NLD.clinical,NLD,Europe,clinical,52,50,,7,1,1,0,"Mixed: clinicians see data from other providers only with Mitz consent plus a treatment relationship, and only the data sets set by professional guidelines (not full records), with a logged 72-hour emergency route; use is voluntary and coverage figures were not verified.",
GBR.clinical,GBR,Europe,clinical,56,50,,6,1,1,0,"Fact sheet says clinician access is fragmented, with regional shared care records and no national connectivity; single patient record is only a bill (19 May 2026) targeting 80% of patients by Mar 2027, so mid Mixed band.",
EST.clinical,EST,Europe,clinical,80,72,,5,2,1,1,"Clinician dashboard (TJT, 2023) pulls exams, labs and appointments from multiple providers, but the summary admits clinicians still search several systems, with a EUR 7M four-year upgrade planned; legal access rules not readable (PDF unparsed)",
BGR.clinical,BGR,Europe,clinical,62,66,,1,3,2,1,"Strong band: Regulation N-6 (2022) gives GPs unlimited access to listed patients' NZIS records, specialists 30 days after exam or discharge, and emergency access without consent; from Dec 2024 over 4,000 GPs have full access. Kept at the low end because specialist use and emergency dossier were not verified.",
NGA.research,NGA,Africa,research,50,,,2,1,0,1,"Only source exceeded fetch size limit and could not be read; no evidence, score withheld.",
BRA.research,BRA,Americas,research,55,49,,5,2,2,0,"LGPD Arts. 7 IV, 11 and 13 allow research bodies to use data without consent, and Art. 18 para. 2 objection applies only on non-compliance, so no general opt-out: base 40 +3 ethics bodies (CEP/CONEP/INAEP) +3 secure controlled environment and no transfer (Art. 13) +3 consent route (Decree 12.651/2025 limits reuse to the consented purpose); platform not shown to be public",
JPN.research,JPN,Asia,research,50,58,,3,2,1,1,"Next-Generation Medical Infrastructure Act uses opt-out with a right to refuse after provider notice, plus certified operators, ethics review and re-identification penalties (opt-out band 55-70); kept low in band because opt-out is provider-notice based, no uptake data, and only a news source opened.",
BEL.research,BEL,Europe,research,43,46,,4,2,2,0,"No consent or opt-out verified (base 40); +3 permit/ethics route (HDA, launched Jan 2024, with ethics committee and Information Security Committee review); +3 pseudonymisation/secure handling, though described as becoming mandatory under EHDS; the dataset catalogue is not a register of uses.",
LUX.research,LUX,Europe,research,46,46,,6,3,3,0,"No consent or general opt-out for research (2018 law Art. 65 has none, Art. 63 allows derogating from rights); base 40 +3 ethics body (CNER) +3 statutory secure-processing measures (Art. 65 pseudonymisation, encryption, logging); HDAB-LU only preparatory, no public register verified.",
SVK.research,SVK,Europe,research,45,40,,4,3,1,2,"Slov-Lex page loads only with JavaScript (title only) and the NCZI PDF was unreadable, so no Slovak consent, opt-out or safeguard was verified; the EHDS opt-out applies only from March 2029, so base 40.",
BGR.research,BGR,Europe,research,44,43,,4,3,2,1,"Regulation N-6/2022 allows NZIS data exchange for medical science only in anonymised form, with no research consent or opt-out (base 40); +3 for statutory confidentiality; no permit body or public register verified; the EHDS opt-out only applies from 2029.",
AUT.research,AUT,Europe,research,40,46,,2,2,2,0,"Register research needs no consent and offers no opt-out (base 40); +3 secure AMDC environment, +3 accredited-institution access gate; no public register or re-identification penalty documented; EHDS opt-out not in force until 2029.",
MEX.ai,MEX,Americas,ai,20,42,,4,2,2,0,"COFEPRIS 2025 guidelines for AI in imaging and decision support plus one authorised software product, but the Health Law has no AI definitions and the Jan 2026 reform left AI out; change control not verified, so lower half of the guidance band 35-50.",
VNM.ai,VNM,Asia,ai,50,60,,5,1,1,0,"AI Law in force 1 Mar 2026 with risk tiers, and high-risk systems need conformity assessment before deployment and after significant changes (change control verified), plus deployer monitoring and logs; mid-band because healthcare systems already running get an 18-month grace period and medical-device rules are not specified",
ISL.ai,ISL,Europe,ai,50,50,50,6,2,2,0,"EEA treated as EU: Law 132/2020 implements MDR/IVDR with no AI provisions; AI Act implementation and national deepfake/copyright bill only announced for winter 2026, not in force, so no national additions, 50.","EEA treated as EU: Act 132/2020 only transposes MDR/IVDR; the AI Act implementation bill and national copyright/deepfake bill were only announced (Sept 2026) with no clinical-AI rules, so base 50 with no additions."
LTU.ai,LTU,Europe,ai,50,50,,5,2,2,0,"EU country with only EU law (AI Act, with medical-device AI deferred to Aug 2028 by the Omnibus); Lithuania only designated RRT and the Innovation Agency and set up the AI Act sandbox, which are not national clinical-AI additions",
LVA.ai,LVA,Europe,ai,50,50,,6,2,2,0,"EU country with only EU AI Act/MDR; 25 Feb 2025 plan only designates AI Act authorities (VARAM, DVI, Health Inspectorate, Ombudsman), no national AI law or binding health-AI guidance, so anchor 50.",
ALB.ai,ALB,Europe,ai,30,24,,5,3,2,1,"Non-EU with no verified AI or device rules for AI: the IVD law is a draft only partly aligned with EU 2017/746 and does not mention software, and the '2026 year of AI in medicine' plan (joint venture, imaging, predictive analytics) names no oversight rules; band 15-30, upper part for the draft device law",
ARE.ai,ARE,Middle East,ai,68,58,,2,2,1,1,"Non-EU: SaMD registration under Federal Decree-Law 38/2024 plus auditable DOH and DHA AI policies with oversight principles put it in the 55-70 band; change control not verified, so lower half.",
AUS.ai,AUS,Oceania,ai,55,44,,1,3,3,0,"Legislation pages showed only metadata (amendments to the Medical Devices Regulations 2002), so AI/ML device coverage and change control were not verified. That earns nothing and puts it in the guidance band 35-50. OAIC AI and automated-decision transparency resources (Sept 2026) set the mid-band score.",
