iso3,country,region,overall,rank,likely_rank,band,keys_model,confidence,dti_evidence,dti_tier,access,control,privacy,journey,commercial,clinical,research,ai,stories,as_of
FIN,Finland,Europe,71,1,1 to 6,Strong,Shared,high,92,Platinum,76,74,62,82,68,76,58,50,5,2026-10-02
DNK,Denmark,Europe,70,2,1 to 9,Strong,Shared,medium,87,Gold,78,70,62,82,58,78,49,50,5,2026-10-02
EST,Estonia,Europe,68,3=,1 to 12,Strong,Shared,medium,88,Gold,80,68,55,80,58,75,50,50,4,2026-10-02
HUN,Hungary,Europe,68,3=,1 to 13,Strong,Shared,high,82,Gold,72,72,62,78,55,76,47,54,5,2026-10-01
SWE,Sweden,Europe,67,5,2 to 17,Strong,Shared,high,89,Gold,77,72,64,66,60,64,49,50,5,2026-10-02
AUS,Australia,Oceania,66,6=,2 to 20,Strong,Shared,high,81,Gold,70,68,62,70,65,66,50,55,5,2026-10-02
FRA,France,Europe,66,6=,2 to 20,Strong,Shared,high,93,Platinum,70,68,58,72,66,62,60,54,5,2026-10-02
NOR,Norway,Europe,66,6=,2 to 19,Strong,Shared,high,91,Platinum,68,74,62,66,64,68,50,50,5,2026-10-02
AUT,Austria,Europe,65,9,3 to 23,Strong,Shared,high,91,Platinum,63,72,63,68,66,66,49,50,3,2026-10-02
PRT,Portugal,Europe,64,10,3 to 26,Mixed,Shared,high,93,Platinum,70,70,56,68,62,64,48,50,5,2026-10-01
BEL,Belgium,Europe,63,11=,5 to 30,Mixed,Shared,medium,91,Platinum,68,72,54,68,54,62,49,50,4,2026-10-02
DEU,Germany,Europe,63,11=,5 to 30,Mixed,Shared,high,92,Platinum,64,66,58,66,70,62,50,50,5,2026-10-02
ITA,Italy,Europe,63,11=,5 to 31,Mixed,Shared,high,89,Gold,68,72,56,66,60,50,50,54,4,2026-10-02
TWN,Taiwan,Asia,63,11=,5 to 31,Mixed,Shared,high,83,Gold,68,52,50,72,62,78,66,58,3,2026-10-02
TUR,Turkey,Europe,63,11=,4 to 28,Mixed,Shared,medium,86,Gold,74,62,50,80,55,64,44,50,4,2026-10-01
ISL,Iceland,Europe,62,16=,5 to 33,Mixed,Shared,medium,90,Platinum,62,55,62,76,58,74,50,50,5,2026-10-01
ISR,Israel,Middle East,62,16=,6 to 34,Mixed,Shared,high,88,Gold,66,50,58,78,56,75,49,50,3,2026-10-02
LVA,Latvia,Europe,62,16=,6 to 34,Mixed,Shared,medium,90,Platinum,64,62,58,70,55,66,50,50,5,2026-10-01
SGP,Singapore,Asia,62,16=,6 to 34,Mixed,Shared,high,88,Gold,62,58,62,64,62,68,50,62,4,2026-10-02
SVN,Slovenia,Europe,62,16=,6 to 33,Mixed,Shared,medium,85,Gold,66,60,62,66,60,68,45,50,5,2026-10-01
LIE,Liechtenstein,Europe,61,21=,7 to 35,Mixed,Shared,medium,88,Gold,64,74,62,54,54,63,42,50,0,2026-10-01
ESP,Spain,Europe,61,21=,7 to 36,Mixed,Shared,high,90,Platinum,66,64,56,64,60,60,50,50,4,2026-10-02
HRV,Croatia,Europe,60,23=,8 to 38,Mixed,Shared,medium,88,Gold,62,66,52,68,56,64,45,50,4,2026-10-01
LTU,Lithuania,Europe,60,23=,9 to 38,Mixed,Shared,medium,88,Gold,67,62,50,68,54,64,48,50,5,2026-10-01
NLD,Netherlands,Europe,60,23=,10 to 40,Mixed,Shared,high,91,Platinum,55,72,52,60,62,58,57,50,5,2026-10-02
KOR,South Korea,Asia,60,23=,8 to 38,Mixed,Shared,high,91,Platinum,66,55,65,62,55,58,50,66,5,2026-10-02
BGR,Bulgaria,Europe,59,27=,11 to 40,Mixed,Shared,medium,87,Gold,62,62,55,70,50,62,44,50,4,2026-10-01
LUX,Luxembourg,Europe,59,27=,12 to 42,Mixed,Shared,medium,89,Gold,64,70,54,54,54,56,46,50,1,2026-10-01
MLT,Malta,Europe,59,27=,11 to 41,Mixed,Shared,medium,78,Silver,72,50,62,60,58,56,48,50,3,2026-10-01
POL,Poland,Europe,59,27=,12 to 42,Mixed,Shared,high,88,Gold,70,55,46,70,54,60,46,54,5,2026-10-02
GBR,United Kingdom,Europe,59,27=,11 to 40,Mixed,Shared,high,90,Platinum,66,52,56,62,60,60,64,55,5,2026-10-02
URY,Uruguay,Americas,59,27=,13 to 42,Mixed,Shared,high,90,Platinum,65,66,57,60,52,58,49,30,3,2026-10-01
SVK,Slovakia,Europe,58,33,16 to 45,Mixed,Shared,medium,90,Platinum,62,50,58,66,58,60,45,50,3,2026-10-01
AND,Andorra,Europe,57,34=,16 to 45,Mixed,Shared,medium,91,Platinum,62,55,54,66,56,64,50,30,2,2026-10-01
ARM,Armenia,Europe,57,34=,16 to 46,Mixed,Shared,medium,89,Gold,62,70,50,62,50,48,46,40,1,2026-10-01
CZE,Czechia,Europe,57,34=,16 to 45,Mixed,Shared,medium,87,Gold,60,64,56,55,60,52,45,50,4,2026-10-01
GRC,Greece,Europe,57,34=,18 to 46,Mixed,State,medium,81,Gold,66,46,56,62,62,58,44,54,5,2026-10-01
JPN,Japan,Asia,56,38=,19 to 48,Mixed,Shared,high,91,Platinum,62,62,58,48,50,52,50,60,5,2026-10-02
ROU,Romania,Europe,56,38=,20 to 49,Mixed,Shared,medium,82,Gold,60,62,50,60,56,50,44,50,5,2026-10-01
CYP,Cyprus,Europe,55,40=,24 to 51,Mixed,State,medium,90,Platinum,64,46,58,58,54,55,45,50,5,2026-10-01
SMR,San Marino,Europe,55,40=,23 to 51,Mixed,Shared,medium,83,Gold,70,55,52,56,50,48,46,40,1,2026-10-01
SRB,Serbia,Europe,55,40=,24 to 51,Mixed,Shared,medium,91,Platinum,62,60,46,64,46,55,46,40,1,2026-10-01
ARE,United Arab Emirates,Middle East,55,40=,23 to 53,Mixed,Shared,high,81,Gold,35,48,50,80,56,76,46,64,2,2026-10-02
CRI,Costa Rica,Americas,54,44=,27 to 54,Mixed,State,medium,87,Gold,64,48,40,68,52,65,45,30,5,2026-10-01
CHE,Switzerland,Europe,54,44=,28 to 57,Mixed,Shared,medium,89,Gold,55,60,60,40,58,38,66,56,4,2026-10-02
SAU,Saudi Arabia,Middle East,53,46,29 to 57,Mixed,State,medium,85,Gold,64,32,50,70,54,54,46,58,3,2026-10-02
BRA,Brazil,Americas,52,47=,34 to 60,Mixed,State,high,86,Gold,62,35,58,55,55,50,50,57,4,2026-10-02
CAN,Canada,Americas,52,47=,33 to 60,Mixed,Shared,high,92,Platinum,50,55,58,50,45,55,49,56,5,2026-10-02
THA,Thailand,Asia,52,47=,36 to 63,Mixed,Shared,high,88,Gold,50,50,55,57,45,50,50,55,5,2026-10-02
GEO,Georgia,Europe,51,50,37 to 64,Mixed,Shared,medium,85,Gold,55,60,45,52,45,52,46,35,2,2026-10-01
MNG,Mongolia,Asia,50,51=,41 to 70,Mixed,Shared,medium,88,Gold,60,47,48,54,45,47,50,30,3,2026-10-01
QAT,Qatar,Middle East,50,51=,41 to 71,Mixed,Institutional,medium,79,Silver,60,30,54,57,52,54,50,40,1,2026-10-01
KEN,Kenya,Africa,49,53=,42 to 73,Mixed,Shared,medium,88,Gold,55,44,55,45,52,42,50,48,4,2026-10-02
UKR,Ukraine,Europe,49,53=,43 to 75,Mixed,Shared,medium,89,Gold,46,50,42,62,40,58,44,40,4,2026-10-01
ARG,Argentina,Americas,48,55=,45 to 80,Mixed,Shared,medium,87,Gold,60,48,42,45,45,42,49,40,4,2026-10-02
AZE,Azerbaijan,Asia,48,55=,46 to 80,Mixed,State,medium,87,Gold,60,40,40,60,40,50,46,30,3,2026-10-01
KAZ,Kazakhstan,Asia,48,55=,45 to 79,Mixed,State,medium,85,Gold,60,46,38,50,40,48,49,48,5,2026-10-01
NZL,New Zealand,Oceania,48,55=,46 to 81,Mixed,Shared,high,88,Gold,55,47,50,40,52,40,50,40,5,2026-10-02
USA,United States,Americas,48,55=,45 to 79,Mixed,Institutional,high,91,Platinum,50,35,50,60,38,55,49,56,4,2026-10-02
BHR,Bahrain,Middle East,47,60=,47 to 83,Mixed,Institutional,medium,82,Gold,50,30,56,50,50,52,50,50,2,2026-10-01
SLV,El Salvador,Americas,47,60=,47 to 82,Mixed,State,medium,80,Gold,50,45,42,52,48,55,46,35,5,2026-10-01
IDN,Indonesia,Asia,47,60=,47 to 84,Mixed,State,medium,90,Platinum,55,42,38,57,42,40,49,56,2,2026-10-02
IRL,Ireland,Europe,47,60=,48 to 87,Mixed,State,high,92,Platinum,55,30,56,38,58,36,70,50,4,2026-10-02
KGZ,Kyrgyzstan,Asia,47,60=,47 to 83,Mixed,State,medium,90,Platinum,60,35,42,55,45,40,49,55,2,2026-10-01
VNM,Vietnam,Asia,47,60=,46 to 81,Mixed,State,high,93,Platinum,60,30,42,55,55,44,50,50,5,2026-10-02
BLR,Belarus,Europe,46,66=,49 to 87,Mixed,State,high,89,Gold,50,45,35,55,45,50,49,40,3,2026-10-01
OMN,Oman,Middle East,46,66=,49 to 89,Mixed,State,medium,86,Gold,45,30,50,58,50,56,46,42,0,2026-10-01
TON,Tonga,Oceania,46,66=,49 to 89,Mixed,State,medium,87,Gold,45,42,45,58,40,60,46,20,5,2026-10-01
UZB,Uzbekistan,Asia,46,66=,51 to 91,Mixed,State,medium,84,Gold,60,30,38,55,40,52,46,45,3,2026-10-01
IND,India,Asia,45,70=,53 to 94,Mixed,Shared,medium,86,Gold,55,50,35,45,35,35,46,55,5,2026-10-02
KWT,Kuwait,Middle East,45,70=,52 to 92,Mixed,State,medium,87,Gold,60,30,42,50,42,45,50,42,2,2026-10-01
MKD,North Macedonia,Europe,45,70=,52 to 93,Mixed,State,medium,86,Gold,60,28,42,52,48,50,46,30,3,2026-10-01
PER,Peru,Americas,45,70=,53 to 95,Mixed,Institutional,medium,91,Platinum,45,44,50,35,55,34,49,56,4,2026-10-01
RUS,Russia,Europe,45,70=,53 to 96,Mixed,State,medium,83,Gold,60,30,34,55,40,45,42,55,5,2026-10-01
BIH,Bosnia and Herzegovina,Europe,44,75=,56 to 98,Weak,Institutional,medium,89,Gold,50,32,52,45,50,42,49,30,3,2026-10-01
MNE,Montenegro,Europe,44,75=,55 to 98,Weak,Institutional,medium,88,Gold,60,28,40,50,40,42,49,50,5,2026-10-01
PAN,Panama,Americas,44,75=,55 to 97,Weak,Institutional,high,86,Gold,50,32,48,45,52,45,49,35,2,2026-10-01
RWA,Rwanda,Africa,44,75=,55 to 96,Weak,State,medium,89,Gold,50,30,52,46,50,34,50,55,0,2026-10-02
BRN,Brunei,Asia,43,79=,59 to 108,Weak,State,high,88,Gold,35,30,40,65,40,62,46,30,2,2026-10-01
CHN,China,Asia,43,79=,58 to 105,Weak,State,high,88,Gold,35,30,45,60,38,50,49,62,7,2026-10-02
COL,Colombia,Americas,43,79=,58 to 101,Weak,State,medium,84,Gold,45,27,50,50,50,50,45,35,4,2026-10-01
ECU,Ecuador,Americas,43,79=,61 to 106,Weak,State,medium,87,Gold,50,30,45,40,52,40,49,45,3,2026-10-01
SWZ,Eswatini,Africa,43,79=,59 to 103,Weak,Institutional,medium,88,Gold,40,35,55,50,42,45,46,25,2,2026-10-01
MYS,Malaysia,Asia,43,79=,60 to 105,Weak,Institutional,medium,84,Gold,40,45,48,38,50,32,46,45,4,2026-10-01
MCO,Monaco,Europe,43,79=,58 to 102,Weak,Institutional,medium,88,Gold,50,35,58,32,52,35,46,38,1,2026-10-01
SYC,Seychelles,Africa,43,79=,58 to 102,Weak,State,medium,89,Gold,40,42,45,52,40,50,46,20,0,2026-10-01
ZAF,South Africa,Africa,43,79=,57 to 101,Weak,Institutional,high,89,Gold,40,42,60,33,50,32,50,48,2,2026-10-02
MEX,Mexico,Americas,42,88=,62 to 109,Weak,Institutional,high,93,Platinum,55,35,40,38,45,35,50,38,5,2026-10-02
NRU,Nauru,Oceania,42,88=,60 to 111,Weak,Institutional,medium,83,Gold,28,35,38,65,40,68,50,20,0,2026-10-01
ALB,Albania,Europe,41,90=,67 to 115,Weak,Institutional,medium,86,Gold,50,30,55,34,50,30,43,30,3,2026-10-02
JOR,Jordan,Middle East,41,90=,66 to 114,Weak,State,medium,88,Gold,50,28,45,45,40,45,43,30,1,2026-10-01
MUS,Mauritius,Africa,41,90=,69 to 118,Weak,State,high,92,Platinum,50,32,55,30,45,30,49,28,3,2026-10-01
MDA,Moldova,Europe,41,90=,69 to 117,Weak,Institutional,medium,84,Gold,40,32,48,45,45,35,46,40,2,2026-10-01
TZA,Tanzania,Africa,41,90=,67 to 116,Weak,State,medium,89,Gold,35,30,48,48,45,40,46,58,0,2026-10-01
ZMB,Zambia,Africa,41,90=,66 to 112,Weak,State,medium,77,Silver,45,30,48,45,45,40,50,30,3,2026-10-01
BTN,Bhutan,Asia,40,96=,70 to 123,Weak,State,medium,90,Platinum,33,30,38,58,38,50,49,40,0,2026-10-01
MWI,Malawi,Africa,40,96=,70 to 119,Weak,Institutional,high,89,Gold,50,30,50,40,42,30,49,25,1,2026-10-01
BHS,Bahamas,Americas,39,98=,79 to 131,Weak,Institutional,high,87,Gold,45,35,45,35,40,30,46,25,1,2026-10-01
BWA,Botswana,Africa,39,98=,74 to 128,Weak,Institutional,medium,87,Gold,45,30,58,28,48,22,49,40,0,2026-10-01
CHL,Chile,Americas,39,98=,75 to 125,Weak,Institutional,medium,90,Platinum,45,35,40,38,42,35,50,30,4,2026-10-02
PHL,Philippines,Asia,39,98=,75 to 127,Weak,Institutional,medium,88,Gold,40,40,45,32,45,27,46,42,2,2026-10-02
UGA,Uganda,Africa,39,98=,79 to 133,Weak,State,medium,88,Gold,45,30,48,35,50,25,46,25,2,2026-10-01
BGD,Bangladesh,Asia,38,103=,82 to 139,Weak,State,medium,84,Gold,35,42,42,33,35,28,46,50,4,2026-10-01
CIV,Côte d'Ivoire,Africa,38,103=,83 to 138,Weak,State,medium,91,Platinum,35,30,48,38,45,36,49,25,0,2026-10-01
GHA,Ghana,Africa,38,103=,81 to 135,Weak,State,high,87,Gold,40,30,45,35,48,28,49,40,5,2026-10-02
MDV,Maldives,Asia,38,103=,84 to 139,Weak,Institutional,high,92,Platinum,45,30,40,40,38,28,50,28,2,2026-10-01
ZWE,Zimbabwe,Africa,38,103=,83 to 139,Weak,State,medium,92,Platinum,40,32,48,32,45,28,50,28,1,2026-10-01
BRB,Barbados,Americas,37,108=,85 to 140,Weak,Institutional,high,84,Gold,45,30,44,35,40,30,43,28,0,2026-10-01
BEN,Benin,Africa,37,108=,88 to 146,Weak,Institutional,medium,90,Platinum,45,30,52,22,45,20,50,30,0,2026-10-01
ETH,Ethiopia,Africa,37,108=,84 to 142,Weak,State,medium,86,Gold,40,28,44,30,50,24,49,56,0,2026-10-01
JAM,Jamaica,Americas,37,108=,85 to 141,Weak,Institutional,high,90,Platinum,40,30,48,30,50,30,46,25,1,2026-10-01
TUN,Tunisia,Africa,37,108=,85 to 141,Weak,Institutional,medium,87,Gold,40,35,45,30,44,28,49,27,3,2026-10-01
VAT,Vatican City,Europe,37,108=,84 to 140,Weak,Institutional,medium,86,Gold,40,30,45,30,45,33,40,48,0,2026-10-02
CPV,Cape Verde,Africa,36,114=,89 to 146,Weak,Institutional,medium,86,Gold,35,30,50,32,45,28,49,28,1,2026-10-01
GAB,Gabon,Africa,36,114=,88 to 146,Weak,Institutional,high,86,Gold,35,30,54,30,46,25,50,25,0,2026-10-01
MLI,Mali,Africa,36,114=,93 to 152,Weak,Institutional,medium,86,Gold,45,27,48,27,42,22,49,22,0,2026-10-01
MAR,Morocco,Africa,36,114=,90 to 148,Weak,Institutional,medium,87,Gold,40,32,45,30,42,26,49,28,0,2026-10-01
GMB,The Gambia,Africa,36,114=,93 to 152,Weak,Institutional,medium,90,Platinum,45,30,48,22,48,18,46,25,0,2026-10-01
DZA,Algeria,Africa,35,119=,96 to 155,Weak,State,medium,87,Gold,40,25,45,32,40,30,46,25,1,2026-10-01
AGO,Angola,Africa,35,119=,95 to 157,Weak,State,medium,91,Platinum,35,30,52,22,50,20,50,28,1,2026-10-01
BFA,Burkina Faso,Africa,35,119=,97 to 156,Weak,Institutional,medium,90,Platinum,35,32,48,25,45,20,49,30,0,2026-10-01
BDI,Burundi,Africa,35,119=,98 to 158,Weak,State,medium,88,Gold,40,28,45,30,40,22,50,20,0,2026-10-01
CUB,Cuba,Americas,35,119=,95 to 155,Weak,State,medium,89,Gold,45,30,33,25,45,25,49,40,5,2026-10-01
DJI,Djibouti,Africa,35,119=,96 to 154,Weak,State,medium,90,Platinum,35,30,45,30,50,22,50,22,0,2026-10-01
LSO,Lesotho,Africa,35,119=,96 to 155,Weak,Institutional,medium,90,Platinum,35,30,45,30,40,30,49,28,2,2026-10-01
MRT,Mauritania,Africa,35,119=,97 to 159,Weak,Institutional,medium,89,Gold,35,30,52,25,45,20,45,25,0,2026-10-01
NER,Niger,Africa,35,119=,97 to 156,Weak,Institutional,medium,88,Gold,35,32,42,27,45,22,60,30,0,2026-10-01
NGA,Nigeria,Africa,35,119=,94 to 154,Weak,Institutional,high,92,Platinum,40,28,45,28,42,22,50,38,2,2026-10-02
TKM,Turkmenistan,Asia,35,119=,98 to 158,Weak,State,medium,88,Gold,45,30,30,30,40,30,46,25,2,2026-10-01
BLZ,Belize,Americas,34,130=,98 to 164,Weak,State,high,86,Gold,25,25,30,55,25,55,43,20,2,2026-10-01
COD,Democratic Republic of the Congo,Africa,34,130=,100 to 159,Weak,Institutional,high,90,Platinum,40,28,45,28,42,20,49,22,1,2026-10-01
DOM,Dominican Republic,Americas,34,130=,99 to 158,Weak,Institutional,medium,90,Platinum,40,30,35,30,42,28,49,25,3,2026-10-01
GIN,Guinea,Africa,34,130=,100 to 160,Weak,Institutional,medium,84,Gold,40,28,45,25,40,22,49,28,1,2026-10-01
LBN,Lebanon,Middle East,34,130=,101 to 160,Weak,Institutional,medium,88,Gold,40,40,32,25,35,25,49,20,1,2026-10-01
MDG,Madagascar,Africa,34,130=,103 to 163,Weak,Institutional,high,94,Platinum,40,28,48,22,42,18,49,22,0,2026-10-01
SEN,Senegal,Africa,34,130=,99 to 160,Weak,Institutional,high,89,Gold,35,30,45,28,42,22,49,30,4,2026-10-01
SOM,Somalia,Africa,34,130=,100 to 160,Weak,Institutional,high,88,Gold,40,28,45,30,35,24,46,22,0,2026-10-01
TGO,Togo,Africa,34,130=,104 to 163,Weak,Institutional,medium,91,Platinum,35,30,45,25,45,20,50,20,0,2026-10-01
VUT,Vanuatu,Oceania,34,130=,100 to 161,Weak,Institutional,medium,91,Platinum,45,32,45,22,35,18,46,22,0,2026-10-01
ATG,Antigua and Barbuda,Americas,33,140=,105 to 164,Weak,Institutional,medium,88,Gold,35,30,42,28,42,25,43,20,3,2026-10-01
CAF,Central African Republic,Africa,33,140=,109 to 169,Weak,Institutional,medium,85,Gold,40,28,45,20,42,15,49,20,1,2026-10-01
TCD,Chad,Africa,33,140=,107 to 166,Weak,Institutional,medium,87,Gold,40,28,45,22,40,17,49,22,0,2026-10-01
EGY,Egypt,Middle East,33,140=,106 to 165,Weak,State,high,83,Gold,30,25,36,35,40,30,50,40,3,2026-10-02
MOZ,Mozambique,Africa,33,140=,104 to 164,Weak,State,medium,89,Gold,35,30,38,30,35,25,46,38,2,2026-10-01
PLW,Palau,Oceania,33,140=,107 to 167,Weak,State,medium,85,Gold,35,30,32,38,18,40,49,20,2,2026-10-01
PRY,Paraguay,Americas,33,140=,104 to 164,Weak,Institutional,medium,90,Platinum,33,27,35,40,30,33,46,30,3,2026-10-01
COG,Republic of the Congo,Africa,33,140=,104 to 165,Weak,Institutional,high,93,Platinum,35,30,48,22,45,20,46,20,0,2026-10-01
SUR,Suriname,Americas,33,140=,107 to 167,Weak,Institutional,high,93,Platinum,40,35,30,30,30,25,46,20,0,2026-10-01
COM,Comoros,Africa,32,149=,112 to 170,Weak,Institutional,medium,88,Gold,35,28,45,25,40,15,49,20,0,2026-10-02
GNQ,Equatorial Guinea,Africa,32,149=,112 to 171,Weak,State,medium,77,Silver,40,28,45,18,40,15,49,18,1,2026-10-01
GTM,Guatemala,Americas,32,149=,111 to 169,Weak,Institutional,high,88,Gold,40,28,30,30,35,28,46,22,2,2026-10-01
NIC,Nicaragua,Americas,32,149=,114 to 172,Weak,State,medium,88,Gold,35,25,25,34,35,30,46,40,4,2026-10-01
LCA,Saint Lucia,Americas,32,149=,112 to 170,Weak,Institutional,high,87,Gold,25,30,38,35,35,32,46,20,0,2026-10-01
STP,Sao Tome and Principe,Africa,32,149=,113 to 172,Weak,Institutional,medium,84,Gold,35,28,45,22,43,17,45,18,1,2026-10-01
LKA,Sri Lanka,Asia,32,149=,114 to 172,Weak,Institutional,medium,84,Gold,30,25,35,35,35,30,43,30,2,2026-10-01
TJK,Tajikistan,Asia,32,149=,110 to 169,Weak,State,high,91,Platinum,40,28,30,30,35,25,46,28,0,2026-10-01
CMR,Cameroon,Africa,31,157=,117 to 173,Weak,Institutional,medium,89,Gold,30,28,40,25,42,22,50,22,1,2026-10-01
NPL,Nepal,Asia,31,157=,118 to 174,Weak,Institutional,high,85,Gold,28,30,35,28,38,25,50,25,3,2026-10-01
SYR,Syria,Middle East,31,157=,120 to 176,Weak,State,medium,85,Gold,35,25,36,20,42,18,45,42,0,2026-10-01
HND,Honduras,Americas,30,160=,124 to 178,Weak,Institutional,medium,88,Gold,40,30,28,25,25,20,43,30,2,2026-10-01
IRN,Iran,Middle East,30,160=,120 to 177,Weak,State,medium,86,Gold,40,22,15,40,30,30,45,30,4,2026-10-01
KNA,Saint Kitts and Nevis,Americas,30,160=,125 to 178,Weak,Institutional,high,86,Gold,30,30,32,32,28,25,43,20,0,2026-10-01
WSM,Samoa,Oceania,30,160=,119 to 178,Weak,State,high,90,Platinum,25,25,25,45,20,48,43,18,0,2026-10-01
BOL,Bolivia,Americas,29,164=,133 to 182,Weak,Institutional,medium,91,Platinum,40,28,25,25,25,22,43,20,1,2026-10-01
FJI,Fiji,Oceania,29,164=,132 to 181,Weak,Institutional,medium,84,Gold,35,28,30,30,20,25,43,18,1,2026-10-01
GUY,Guyana,Americas,29,164=,129 to 181,Weak,State,high,91,Platinum,30,25,30,35,25,30,43,20,1,2026-10-01
KIR,Kiribati,Oceania,29,164=,133 to 181,Weak,Institutional,medium,83,Gold,30,28,32,28,25,27,43,20,0,2026-10-01
LAO,Laos,Asia,29,164=,130 to 181,Weak,State,medium,91,Platinum,25,28,35,26,35,20,45,35,0,2026-10-01
TTO,Trinidad and Tobago,Americas,29,164=,130 to 181,Weak,Institutional,high,88,Gold,35,25,28,30,28,25,43,22,2,2026-10-01
PSE,Palestine,Middle East,28,170=,140 to 185,Weak,State,medium,83,Gold,25,25,28,30,30,28,49,20,1,2026-10-02
TLS,Timor-Leste,Asia,28,170=,142 to 185,Weak,State,medium,91,Platinum,30,28,30,28,22,20,45,20,2,2026-10-01
VEN,Venezuela,Americas,28,170=,139 to 184,Weak,State,medium,90,Platinum,35,22,25,25,30,22,46,35,3,2026-10-01
IRQ,Iraq,Middle East,27,173=,146 to 187,Weak,State,medium,86,Gold,30,25,25,25,25,28,45,20,1,2026-10-01
SLE,Sierra Leone,Africa,27,173=,150 to 189,Weak,Institutional,medium,88,Gold,32,25,28,24,22,17,46,22,0,2026-10-01
GRD,Grenada,Americas,26,175=,154 to 190,Weak,Institutional,medium,87,Gold,25,25,30,25,25,20,43,20,0,2026-10-01
LBR,Liberia,Africa,26,175=,151 to 189,Weak,Institutional,medium,90,Platinum,28,25,32,22,25,15,46,25,1,2026-10-01
NAM,Namibia,Africa,26,175=,155 to 190,Weak,Institutional,medium,88,Gold,28,25,28,25,18,22,43,20,2,2026-10-01
PAK,Pakistan,Asia,26,175=,154 to 190,Weak,Institutional,medium,87,Gold,25,25,28,24,27,20,45,22,3,2026-10-01
PNG,Papua New Guinea,Oceania,26,175=,155 to 190,Weak,Institutional,high,92,Platinum,30,28,30,20,20,15,43,20,0,2026-10-01
VCT,Saint Vincent and the Grenadines,Americas,26,175=,152 to 189,Weak,Institutional,high,83,Gold,25,25,25,30,20,28,43,20,0,2026-10-01
KHM,Cambodia,Asia,25,181=,156 to 191,Weak,Institutional,medium,84,Gold,25,25,30,22,25,20,45,18,0,2026-10-01
FSM,Micronesia,Oceania,25,181=,157 to 192,Weak,State,medium,86,Gold,20,22,22,34,15,34,49,20,1,2026-10-01
SLB,Solomon Islands,Oceania,25,181=,160 to 192,Weak,Institutional,high,89,Gold,30,25,25,20,20,20,43,18,0,2026-10-01
SSD,South Sudan,Africa,25,181=,160 to 192,Weak,Institutional,high,90,Platinum,34,24,22,20,20,18,43,20,0,2026-10-01
DMA,Dominica,Americas,24,185=,165 to 194,Poor,Institutional,high,87,Gold,20,25,25,25,20,20,43,20,1,2026-10-01
HTI,Haiti,Americas,24,185=,165 to 194,Poor,Institutional,medium,82,Gold,20,22,24,28,22,22,46,18,3,2026-10-01
LBY,Libya,Africa,23,187=,170 to 195,Poor,Institutional,high,90,Platinum,20,22,25,18,25,17,46,25,0,2026-10-01
MHL,Marshall Islands,Oceania,23,187=,168 to 195,Poor,State,medium,90,Platinum,20,25,30,20,15,18,46,18,0,2026-10-01
TUV,Tuvalu,Oceania,23,187=,167 to 194,Poor,State,high,88,Gold,20,25,22,24,15,25,43,25,0,2026-10-01
YEM,Yemen,Middle East,23,187=,167 to 194,Poor,Institutional,high,89,Gold,25,25,22,20,22,15,46,18,2,2026-10-01
ERI,Eritrea,Africa,22,191=,173 to 195,Poor,State,medium,85,Gold,18,22,25,20,25,15,43,18,0,2026-10-01
MMR,Myanmar,Asia,22,191=,171 to 195,Poor,State,medium,86,Gold,18,24,22,20,28,15,43,25,1,2026-10-01
SDN,Sudan,Africa,22,191=,174 to 196,Poor,Institutional,high,87,Gold,22,22,20,18,20,15,46,25,1,2026-10-01
GNB,Guinea-Bissau,Africa,21,194,178 to 196,Poor,Institutional,high,85,Gold,20,20,22,20,20,15,43,15,0,2026-10-01
AFG,Afghanistan,Asia,20,195,181 to 196,Poor,State,medium,87,Gold,20,20,20,18,22,15,30,15,0,2026-10-01
PRK,North Korea,Asia,19,196,184 to 196,Poor,State,high,91,Platinum,15,20,15,20,20,15,40,18,1,2026-10-01
